0 verbose cli C:\Program Files\nodejs\node.exe C:\Program Files\nodejs\node_modules\npm\bin\npm-cli.js
1 info using npm@11.6.2
2 info using node@v24.11.1
3 silly config load:file:C:\Program Files\nodejs\node_modules\npm\npmrc
4 silly config load:file:C:\Users\1xpay\OneDrive\Desktop\wovo-media\.npmrc
5 silly config load:file:C:\Users\1xpay\.npmrc
6 silly config load:file:C:\Users\1xpay\AppData\Roaming\npm\etc\npmrc
7 verbose title npm exec vercel --version
8 verbose argv "exec" "--" "vercel" "--version"
9 verbose logfile logs-max:10 dir:C:\Users\1xpay\OneDrive\Desktop\wovo-media\.npm-cache\_logs\2026-03-23T21_49_02_574Z-
10 verbose logfile C:\Users\1xpay\OneDrive\Desktop\wovo-media\.npm-cache\_logs\2026-03-23T21_49_02_574Z-debug-0.log
11 silly logfile done cleaning log files
12 silly packumentCache heap:4496293888 maxSize:1124073472 maxEntrySize:562036736
13 http fetch GET 200 https://registry.npmjs.org/npm 340ms
14 http fetch GET 200 https://registry.npmjs.org/vercel 283ms (cache miss)
15 silly packumentCache heap:4496293888 maxSize:1124073472 maxEntrySize:562036736
16 silly packumentCache heap:4496293888 maxSize:1124073472 maxEntrySize:562036736
17 warn exec The following package was not found and will be installed: vercel@50.35.0
18 silly idealTree buildDeps
19 silly fetch manifest vercel@50.35.0
20 silly packumentCache full:https://registry.npmjs.org/vercel cache-miss
21 http fetch GET 200 https://registry.npmjs.org/vercel 103ms (cache miss)
22 silly packumentCache full:https://registry.npmjs.org/vercel set size:undefined disposed:false
23 silly placeDep ROOT vercel@50.35.0 OK for:  want: 50.35.0
24 silly fetch manifest jose@5.9.6
25 silly packumentCache full:https://registry.npmjs.org/jose cache-miss
26 silly fetch manifest luxon@^3.4.0
27 silly packumentCache full:https://registry.npmjs.org/luxon cache-miss
28 silly fetch manifest esbuild@0.27.0
29 silly packumentCache full:https://registry.npmjs.org/esbuild cache-miss
30 silly fetch manifest chokidar@4.0.0
31 silly packumentCache full:https://registry.npmjs.org/chokidar cache-miss
32 silly fetch manifest form-data@^4.0.0
33 silly packumentCache full:https://registry.npmjs.org/form-data cache-miss
34 silly fetch manifest @vercel/go@3.4.6
35 silly packumentCache full:https://registry.npmjs.org/@vercel%2fgo cache-miss
36 silly fetch manifest @vercel/h3@0.1.60
37 silly packumentCache full:https://registry.npmjs.org/@vercel%2fh3 cache-miss
38 silly fetch manifest @vercel/fun@1.3.0
39 silly packumentCache full:https://registry.npmjs.org/@vercel%2ffun cache-miss
40 silly fetch manifest @vercel/koa@0.1.34
41 silly packumentCache full:https://registry.npmjs.org/@vercel%2fkoa cache-miss
42 silly fetch manifest proxy-agent@6.4.0
43 silly packumentCache full:https://registry.npmjs.org/proxy-agent cache-miss
44 silly fetch manifest @vercel/blob@2.3.0
45 silly packumentCache full:https://registry.npmjs.org/@vercel%2fblob cache-miss
46 http fetch GET 200 https://registry.npmjs.org/luxon 75ms (cache miss)
47 silly packumentCache full:https://registry.npmjs.org/luxon set size:undefined disposed:false
48 silly fetch manifest @vercel/hono@0.2.54
49 silly packumentCache full:https://registry.npmjs.org/@vercel%2fhono cache-miss
50 http fetch GET 200 https://registry.npmjs.org/jose 90ms (cache miss)
51 silly packumentCache full:https://registry.npmjs.org/jose set size:undefined disposed:false
52 silly fetch manifest @vercel/next@4.16.2
53 silly packumentCache full:https://registry.npmjs.org/@vercel%2fnext cache-miss
54 http fetch GET 200 https://registry.npmjs.org/chokidar 149ms (cache miss)
55 silly packumentCache full:https://registry.npmjs.org/chokidar set size:undefined disposed:false
56 silly fetch manifest @vercel/node@5.6.18
57 silly packumentCache full:https://registry.npmjs.org/@vercel%2fnode cache-miss
58 http fetch GET 200 https://registry.npmjs.org/form-data 156ms (cache miss)
59 silly packumentCache full:https://registry.npmjs.org/form-data set size:undefined disposed:false
60 silly fetch manifest @vercel/ruby@2.3.2
61 silly packumentCache full:https://registry.npmjs.org/@vercel%2fruby cache-miss
62 http fetch GET 200 https://registry.npmjs.org/proxy-agent 160ms (cache miss)
63 silly packumentCache full:https://registry.npmjs.org/proxy-agent set size:undefined disposed:false
64 silly fetch manifest @vercel/rust@1.0.5
65 silly packumentCache full:https://registry.npmjs.org/@vercel%2frust cache-miss
66 http fetch GET 200 https://registry.npmjs.org/@vercel%2ffun 181ms (cache miss)
67 silly packumentCache full:https://registry.npmjs.org/@vercel%2ffun set size:undefined disposed:false
68 silly fetch manifest @vercel/elysia@0.1.51
69 silly packumentCache full:https://registry.npmjs.org/@vercel%2felysia cache-miss
70 http fetch GET 200 https://registry.npmjs.org/@vercel%2fnext 219ms (cache miss)
71 silly packumentCache full:https://registry.npmjs.org/@vercel%2fnext set size:undefined disposed:false
72 silly fetch manifest @vercel/nestjs@0.2.55
73 silly packumentCache full:https://registry.npmjs.org/@vercel%2fnestjs cache-miss
74 http fetch GET 200 https://registry.npmjs.org/esbuild 331ms (cache miss)
75 silly packumentCache full:https://registry.npmjs.org/esbuild set size:undefined disposed:false
76 silly fetch manifest @vercel/python@6.26.0
77 silly packumentCache full:https://registry.npmjs.org/@vercel%2fpython cache-miss
78 http fetch GET 200 https://registry.npmjs.org/@vercel%2fblob 345ms (cache miss)
79 silly packumentCache full:https://registry.npmjs.org/@vercel%2fblob set size:undefined disposed:false
80 silly fetch manifest @vercel/express@0.1.61
81 silly packumentCache full:https://registry.npmjs.org/@vercel%2fexpress cache-miss
82 http fetch GET 200 https://registry.npmjs.org/@vercel%2frust 192ms (cache miss)
83 silly packumentCache full:https://registry.npmjs.org/@vercel%2frust set size:undefined disposed:false
84 silly fetch manifest @vercel/fastify@0.1.54
85 silly packumentCache full:https://registry.npmjs.org/@vercel%2ffastify cache-miss
86 http fetch GET 200 https://registry.npmjs.org/@vercel%2fhono 280ms (cache miss)
87 silly packumentCache full:https://registry.npmjs.org/@vercel%2fhono set size:undefined disposed:false
88 silly fetch manifest @vercel/redwood@2.4.11
89 silly packumentCache full:https://registry.npmjs.org/@vercel%2fredwood cache-miss
90 http fetch GET 200 https://registry.npmjs.org/@vercel%2fh3 366ms (cache miss)
91 silly packumentCache full:https://registry.npmjs.org/@vercel%2fh3 set size:undefined disposed:false
92 silly fetch manifest @vercel/backends@0.0.49
93 silly packumentCache full:https://registry.npmjs.org/@vercel%2fbackends cache-miss
94 http fetch GET 200 https://registry.npmjs.org/@vercel%2felysia 188ms (cache miss)
95 silly packumentCache full:https://registry.npmjs.org/@vercel%2felysia set size:undefined disposed:false
96 silly fetch manifest @vercel/hydrogen@1.3.6
97 silly packumentCache full:https://registry.npmjs.org/@vercel%2fhydrogen cache-miss
98 http fetch GET 200 https://registry.npmjs.org/@vercel%2fkoa 375ms (cache miss)
99 silly packumentCache full:https://registry.npmjs.org/@vercel%2fkoa set size:undefined disposed:false
100 silly fetch manifest @vercel/build-utils@13.8.2
101 silly packumentCache full:https://registry.npmjs.org/@vercel%2fbuild-utils cache-miss
102 http fetch GET 200 https://registry.npmjs.org/@vercel%2fruby 230ms (cache miss)
103 silly packumentCache full:https://registry.npmjs.org/@vercel%2fruby set size:undefined disposed:false
104 silly fetch manifest @vercel/detect-agent@1.2.1
105 silly packumentCache full:https://registry.npmjs.org/@vercel%2fdetect-agent cache-miss
106 http fetch GET 200 https://registry.npmjs.org/@vercel%2fgo 396ms (cache miss)
107 silly packumentCache full:https://registry.npmjs.org/@vercel%2fgo set size:undefined disposed:false
108 silly fetch manifest @vercel/static-build@2.9.2
109 silly packumentCache full:https://registry.npmjs.org/@vercel%2fstatic-build cache-miss
110 http fetch GET 200 https://registry.npmjs.org/@vercel%2fnestjs 86ms (cache miss)
111 silly packumentCache full:https://registry.npmjs.org/@vercel%2fnestjs set size:undefined disposed:false
112 silly fetch manifest @vercel/remix-builder@5.7.1
113 silly packumentCache full:https://registry.npmjs.org/@vercel%2fremix-builder cache-miss
114 http fetch GET 200 https://registry.npmjs.org/@vercel%2fnode 261ms (cache miss)
115 silly packumentCache full:https://registry.npmjs.org/@vercel%2fnode set size:undefined disposed:false
116 silly fetch manifest @vercel/prepare-flags-definitions@0.2.1
117 silly packumentCache full:https://registry.npmjs.org/@vercel%2fprepare-flags-definitions cache-miss
118 http fetch GET 200 https://registry.npmjs.org/@vercel%2ffastify 71ms (cache miss)
119 silly packumentCache full:https://registry.npmjs.org/@vercel%2ffastify set size:undefined disposed:false
120 http fetch GET 200 https://registry.npmjs.org/@vercel%2fdetect-agent 78ms (cache miss)
121 silly packumentCache full:https://registry.npmjs.org/@vercel%2fdetect-agent set size:undefined disposed:false
122 http fetch GET 200 https://registry.npmjs.org/@vercel%2fhydrogen 98ms (cache miss)
123 silly packumentCache full:https://registry.npmjs.org/@vercel%2fhydrogen set size:undefined disposed:false
124 http fetch GET 200 https://registry.npmjs.org/@vercel%2fbuild-utils 109ms (cache miss)
125 silly packumentCache full:https://registry.npmjs.org/@vercel%2fbuild-utils set size:undefined disposed:false
126 http fetch GET 200 https://registry.npmjs.org/@vercel%2fremix-builder 94ms (cache miss)
127 silly packumentCache full:https://registry.npmjs.org/@vercel%2fremix-builder set size:undefined disposed:false
128 http fetch GET 200 https://registry.npmjs.org/@vercel%2fexpress 159ms (cache miss)
129 silly packumentCache full:https://registry.npmjs.org/@vercel%2fexpress set size:undefined disposed:false
130 http fetch GET 200 https://registry.npmjs.org/@vercel%2fstatic-build 131ms (cache miss)
131 silly packumentCache full:https://registry.npmjs.org/@vercel%2fstatic-build set size:undefined disposed:false
132 http fetch GET 200 https://registry.npmjs.org/@vercel%2fbackends 180ms (cache miss)
133 silly packumentCache full:https://registry.npmjs.org/@vercel%2fbackends set size:undefined disposed:false
134 http fetch GET 200 https://registry.npmjs.org/@vercel%2fredwood 192ms (cache miss)
135 silly packumentCache full:https://registry.npmjs.org/@vercel%2fredwood set size:undefined disposed:false
136 http fetch GET 200 https://registry.npmjs.org/@vercel%2fprepare-flags-definitions 146ms (cache miss)
137 silly packumentCache full:https://registry.npmjs.org/@vercel%2fprepare-flags-definitions set size:undefined disposed:false
138 http fetch GET 200 https://registry.npmjs.org/@vercel%2fpython 265ms (cache miss)
139 silly packumentCache full:https://registry.npmjs.org/@vercel%2fpython set size:undefined disposed:false
140 silly fetch manifest typescript@^4.0.0 || ^5.0.0
141 silly packumentCache full:https://registry.npmjs.org/typescript cache-miss
142 http fetch GET 200 https://registry.npmjs.org/typescript 180ms (cache miss)
143 silly packumentCache full:https://registry.npmjs.org/typescript set size:undefined disposed:false
144 silly placeDep ROOT @vercel/backends@0.0.49 OK for: vercel@50.35.0 want: 0.0.49
145 silly placeDep ROOT typescript@5.9.3 OK for: @vercel/backends@0.0.49 want: ^4.0.0 || ^5.0.0
146 silly placeDep ROOT @vercel/blob@2.3.0 OK for: vercel@50.35.0 want: 2.3.0
147 silly placeDep ROOT @vercel/build-utils@13.8.2 OK for: vercel@50.35.0 want: 13.8.2
148 silly placeDep ROOT @vercel/detect-agent@1.2.1 OK for: vercel@50.35.0 want: 1.2.1
149 silly placeDep ROOT @vercel/elysia@0.1.51 OK for: vercel@50.35.0 want: 0.1.51
150 silly placeDep ROOT @vercel/express@0.1.61 OK for: vercel@50.35.0 want: 0.1.61
151 silly placeDep ROOT @vercel/fastify@0.1.54 OK for: vercel@50.35.0 want: 0.1.54
152 silly placeDep ROOT @vercel/fun@1.3.0 OK for: vercel@50.35.0 want: 1.3.0
153 silly placeDep ROOT @vercel/go@3.4.6 OK for: vercel@50.35.0 want: 3.4.6
154 silly placeDep ROOT @vercel/h3@0.1.60 OK for: vercel@50.35.0 want: 0.1.60
155 silly placeDep ROOT @vercel/hono@0.2.54 OK for: vercel@50.35.0 want: 0.2.54
156 silly placeDep ROOT @vercel/hydrogen@1.3.6 OK for: vercel@50.35.0 want: 1.3.6
157 silly placeDep ROOT @vercel/koa@0.1.34 OK for: vercel@50.35.0 want: 0.1.34
158 silly placeDep ROOT @vercel/nestjs@0.2.55 OK for: vercel@50.35.0 want: 0.2.55
159 silly placeDep ROOT @vercel/next@4.16.2 OK for: vercel@50.35.0 want: 4.16.2
160 silly placeDep ROOT @vercel/node@5.6.18 OK for: vercel@50.35.0 want: 5.6.18
161 silly placeDep ROOT @vercel/prepare-flags-definitions@0.2.1 OK for: vercel@50.35.0 want: 0.2.1
162 silly placeDep ROOT @vercel/python@6.26.0 OK for: vercel@50.35.0 want: 6.26.0
163 silly placeDep ROOT @vercel/redwood@2.4.11 OK for: vercel@50.35.0 want: 2.4.11
164 silly placeDep ROOT @vercel/remix-builder@5.7.1 OK for: vercel@50.35.0 want: 5.7.1
165 silly placeDep ROOT @vercel/ruby@2.3.2 OK for: vercel@50.35.0 want: 2.3.2
166 silly placeDep ROOT @vercel/rust@1.0.5 OK for: vercel@50.35.0 want: 1.0.5
167 silly placeDep ROOT @vercel/static-build@2.9.2 OK for: vercel@50.35.0 want: 2.9.2
168 silly placeDep ROOT chokidar@4.0.0 OK for: vercel@50.35.0 want: 4.0.0
169 silly placeDep ROOT esbuild@0.27.0 OK for: vercel@50.35.0 want: 0.27.0
170 silly placeDep ROOT form-data@4.0.5 OK for: vercel@50.35.0 want: ^4.0.0
171 silly placeDep ROOT jose@5.9.6 OK for: vercel@50.35.0 want: 5.9.6
172 silly placeDep ROOT luxon@3.7.2 OK for: vercel@50.35.0 want: ^3.4.0
173 silly placeDep ROOT proxy-agent@6.4.0 OK for: vercel@50.35.0 want: 6.4.0
174 silly fetch manifest tsx@4.21.0
175 silly packumentCache full:https://registry.npmjs.org/tsx cache-miss
176 silly fetch manifest zod@3.22.4
177 silly packumentCache full:https://registry.npmjs.org/zod cache-miss
178 silly fetch manifest srvx@0.8.9
179 silly packumentCache full:https://registry.npmjs.org/srvx cache-miss
180 silly fetch manifest execa@3.2.0
181 silly packumentCache full:https://registry.npmjs.org/execa cache-miss
182 silly fetch manifest fs-extra@11.1.0
183 silly packumentCache full:https://registry.npmjs.org/fs-extra cache-miss
184 silly fetch manifest rolldown@1.0.0-rc.1
185 silly packumentCache full:https://registry.npmjs.org/rolldown cache-miss
186 silly fetch manifest @vercel/nft@1.4.0
187 silly packumentCache full:https://registry.npmjs.org/@vercel%2fnft cache-miss
188 silly fetch manifest oxc-transform@0.111.0
189 silly packumentCache full:https://registry.npmjs.org/oxc-transform cache-miss
190 silly fetch manifest path-to-regexp@8.3.0
191 silly packumentCache full:https://registry.npmjs.org/path-to-regexp cache-miss
192 silly fetch manifest resolve.exports@2.0.3
193 silly packumentCache full:https://registry.npmjs.org/resolve.exports cache-miss
194 silly fetch manifest undici@^6.23.0
195 silly packumentCache full:https://registry.npmjs.org/undici cache-miss
196 http fetch GET 200 https://registry.npmjs.org/resolve.exports 64ms (cache miss)
197 silly packumentCache full:https://registry.npmjs.org/resolve.exports set size:undefined disposed:false
198 silly fetch manifest is-buffer@^2.0.5
199 silly packumentCache full:https://registry.npmjs.org/is-buffer cache-miss
200 http fetch GET 200 https://registry.npmjs.org/execa 71ms (cache miss)
201 silly packumentCache full:https://registry.npmjs.org/execa set size:undefined disposed:false
202 silly fetch manifest throttleit@^2.1.0
203 silly packumentCache full:https://registry.npmjs.org/throttleit cache-miss
204 http fetch GET 200 https://registry.npmjs.org/path-to-regexp 76ms (cache miss)
205 silly packumentCache full:https://registry.npmjs.org/path-to-regexp set size:undefined disposed:false
206 silly fetch manifest async-retry@^1.3.3
207 silly packumentCache full:https://registry.npmjs.org/async-retry cache-miss
208 http fetch GET 200 https://registry.npmjs.org/srvx 80ms (cache miss)
209 silly packumentCache full:https://registry.npmjs.org/srvx set size:undefined disposed:false
210 silly fetch manifest is-node-process@^1.2.0
211 silly packumentCache full:https://registry.npmjs.org/is-node-process cache-miss
212 http fetch GET 200 https://registry.npmjs.org/fs-extra 90ms (cache miss)
213 silly packumentCache full:https://registry.npmjs.org/fs-extra set size:undefined disposed:false
214 silly fetch manifest @vercel/python-analysis@0.10.1
215 silly packumentCache full:https://registry.npmjs.org/@vercel%2fpython-analysis cache-miss
216 http fetch GET 200 https://registry.npmjs.org/tsx 103ms (cache miss)
217 silly packumentCache full:https://registry.npmjs.org/tsx set size:undefined disposed:false
218 silly fetch manifest @vercel/static-config@3.2.0
219 silly packumentCache full:https://registry.npmjs.org/@vercel%2fstatic-config cache-miss
220 http fetch GET 200 https://registry.npmjs.org/undici 114ms (cache miss)
221 silly packumentCache full:https://registry.npmjs.org/undici set size:undefined disposed:false
222 silly fetch manifest zod@3.22.4
223 silly packumentCache full:https://registry.npmjs.org/zod cache-miss
224 http fetch GET 200 https://registry.npmjs.org/throttleit 61ms (cache miss)
225 silly packumentCache full:https://registry.npmjs.org/throttleit set size:undefined disposed:false
226 silly fetch manifest ts-morph@12.0.0
227 silly packumentCache full:https://registry.npmjs.org/ts-morph cache-miss
228 http fetch GET 200 https://registry.npmjs.org/async-retry 57ms (cache miss)
229 silly packumentCache full:https://registry.npmjs.org/async-retry set size:undefined disposed:false
230 silly fetch manifest @vercel/nft@1.4.0
231 silly packumentCache full:https://registry.npmjs.org/@vercel%2fnft cache-miss
232 http fetch GET 200 https://registry.npmjs.org/is-buffer 72ms (cache miss)
233 silly packumentCache full:https://registry.npmjs.org/is-buffer set size:undefined disposed:false
234 silly fetch manifest @vercel/cervel@0.0.36
235 silly packumentCache full:https://registry.npmjs.org/@vercel%2fcervel cache-miss
236 http fetch GET 200 https://registry.npmjs.org/is-node-process 62ms (cache miss)
237 silly packumentCache full:https://registry.npmjs.org/is-node-process set size:undefined disposed:false
238 silly fetch manifest @vercel/static-config@3.2.0
239 silly packumentCache full:https://registry.npmjs.org/@vercel%2fstatic-config cache-miss
240 http fetch GET 200 https://registry.npmjs.org/@vercel%2fnft 153ms (cache miss)
241 silly packumentCache full:https://registry.npmjs.org/@vercel%2fnft set size:undefined disposed:false
242 silly fetch manifest @vercel/static-config@3.2.0
243 silly packumentCache full:https://registry.npmjs.org/@vercel%2fstatic-config cache-miss
244 http fetch GET 200 https://registry.npmjs.org/oxc-transform 167ms (cache miss)
245 silly packumentCache full:https://registry.npmjs.org/oxc-transform set size:undefined disposed:false
246 silly fetch manifest ms@2.1.1
247 silly packumentCache full:https://registry.npmjs.org/ms cache-miss
248 http fetch GET 200 https://registry.npmjs.org/zod 172ms (cache miss)
249 silly packumentCache full:https://registry.npmjs.org/zod set size:undefined disposed:false
250 silly fetch manifest tar@7.5.7
251 silly packumentCache full:https://registry.npmjs.org/tar cache-miss
252 http fetch GET 200 https://registry.npmjs.org/rolldown 190ms (cache miss)
253 silly packumentCache full:https://registry.npmjs.org/rolldown set size:undefined disposed:false
254 silly fetch manifest debug@4.3.4
255 silly packumentCache full:https://registry.npmjs.org/debug cache-miss
256 http fetch GET 200 https://registry.npmjs.org/@vercel%2fpython-analysis 129ms (cache miss)
257 silly packumentCache full:https://registry.npmjs.org/@vercel%2fpython-analysis set size:undefined disposed:false
258 silly fetch manifest micro@9.3.5-canary.3
259 silly packumentCache full:https://registry.npmjs.org/micro cache-miss
260 http fetch GET 200 https://registry.npmjs.org/@vercel%2fstatic-config 80ms (cache miss)
261 silly packumentCache full:https://registry.npmjs.org/@vercel%2fstatic-config set size:undefined disposed:false
262 silly fetch manifest semver@7.5.4
263 silly packumentCache full:https://registry.npmjs.org/semver cache-miss
264 http fetch GET 200 https://registry.npmjs.org/@vercel%2fstatic-config 121ms (cache miss)
265 silly packumentCache full:https://registry.npmjs.org/@vercel%2fstatic-config set size:undefined disposed:false
266 silly fetch manifest tinyexec@0.3.2
267 silly packumentCache full:https://registry.npmjs.org/tinyexec cache-miss
268 http fetch GET 200 https://registry.npmjs.org/@vercel%2fcervel 89ms (cache miss)
269 silly packumentCache full:https://registry.npmjs.org/@vercel%2fcervel set size:undefined disposed:false
270 silly fetch manifest stat-mode@0.3.0
271 silly packumentCache full:https://registry.npmjs.org/stat-mode cache-miss
272 http fetch GET 200 https://registry.npmjs.org/ms 68ms (cache miss)
273 silly packumentCache full:https://registry.npmjs.org/ms set size:undefined disposed:false
274 silly fetch manifest tree-kill@1.2.2
275 silly packumentCache full:https://registry.npmjs.org/tree-kill cache-miss
276 http fetch GET 200 https://registry.npmjs.org/@vercel%2fstatic-config 84ms (cache miss)
277 silly packumentCache full:https://registry.npmjs.org/@vercel%2fstatic-config set size:undefined disposed:false
278 silly fetch manifest node-fetch@2.6.7
279 silly packumentCache full:https://registry.npmjs.org/node-fetch cache-miss
280 http fetch GET 200 https://registry.npmjs.org/ts-morph 109ms (cache miss)
281 silly packumentCache full:https://registry.npmjs.org/ts-morph set size:undefined disposed:false
282 silly fetch manifest promisepipe@3.0.0
283 silly packumentCache full:https://registry.npmjs.org/promisepipe cache-miss
284 http fetch GET 200 https://registry.npmjs.org/@vercel%2fnft 112ms (cache miss)
285 silly packumentCache full:https://registry.npmjs.org/@vercel%2fnft set size:undefined disposed:false
286 silly fetch manifest uid-promise@1.0.0
287 silly packumentCache full:https://registry.npmjs.org/uid-promise cache-miss
288 http fetch GET 200 https://registry.npmjs.org/debug 58ms (cache miss)
289 silly packumentCache full:https://registry.npmjs.org/debug set size:undefined disposed:false
290 silly fetch manifest async-listen@1.2.0
291 silly packumentCache full:https://registry.npmjs.org/async-listen cache-miss
292 http fetch GET 200 https://registry.npmjs.org/tar 80ms (cache miss)
293 silly packumentCache full:https://registry.npmjs.org/tar set size:undefined disposed:false
294 silly fetch manifest generic-pool@3.4.2
295 silly packumentCache full:https://registry.npmjs.org/generic-pool cache-miss
296 http fetch GET 200 https://registry.npmjs.org/semver 54ms (cache miss)
297 silly packumentCache full:https://registry.npmjs.org/semver set size:undefined disposed:false
298 silly fetch manifest xdg-app-paths@5.1.0
299 silly packumentCache full:https://registry.npmjs.org/xdg-app-paths cache-miss
300 http fetch GET 200 https://registry.npmjs.org/micro 64ms (cache miss)
301 silly packumentCache full:https://registry.npmjs.org/micro set size:undefined disposed:false
302 silly fetch manifest yauzl-promise@2.1.3
303 silly packumentCache full:https://registry.npmjs.org/yauzl-promise cache-miss
304 http fetch GET 200 https://registry.npmjs.org/tinyexec 66ms (cache miss)
305 silly packumentCache full:https://registry.npmjs.org/tinyexec set size:undefined disposed:false
306 silly fetch manifest path-to-regexp@8.2.0
307 silly packumentCache full:https://registry.npmjs.org/path-to-regexp cache-miss
308 http fetch GET 200 https://registry.npmjs.org/zod 172ms (cache miss)
309 silly packumentCache full:https://registry.npmjs.org/zod set size:undefined disposed:false
310 silly fetch manifest @tootallnate/once@2.0.0
311 silly packumentCache full:https://registry.npmjs.org/@tootallnate%2fonce cache-miss
312 http fetch GET 200 https://registry.npmjs.org/tree-kill 83ms (cache miss)
313 silly packumentCache full:https://registry.npmjs.org/tree-kill set size:undefined disposed:false
314 silly fetch manifest stream-to-promise@2.2.0
315 silly packumentCache full:https://registry.npmjs.org/stream-to-promise cache-miss
316 http cache https://registry.npmjs.org/path-to-regexp 30ms (cache hit)
317 silly packumentCache full:https://registry.npmjs.org/path-to-regexp set size:207142 disposed:false
318 silly fetch manifest etag@1.8.1
319 silly packumentCache full:https://registry.npmjs.org/etag cache-miss
320 http fetch GET 200 https://registry.npmjs.org/promisepipe 85ms (cache miss)
321 silly packumentCache full:https://registry.npmjs.org/promisepipe set size:undefined disposed:false
322 silly fetch manifest undici@5.28.4
323 silly packumentCache full:https://registry.npmjs.org/undici cache-miss
324 http fetch GET 200 https://registry.npmjs.org/stat-mode 103ms (cache miss)
325 silly packumentCache full:https://registry.npmjs.org/stat-mode set size:undefined disposed:false
326 silly fetch manifest mime-types@2.1.35
327 silly packumentCache full:https://registry.npmjs.org/mime-types cache-miss
328 http fetch GET 200 https://registry.npmjs.org/uid-promise 86ms (cache miss)
329 silly packumentCache full:https://registry.npmjs.org/uid-promise set size:undefined disposed:false
330 silly fetch manifest node-fetch@2.6.9
331 silly packumentCache full:https://registry.npmjs.org/node-fetch cache-miss
332 http fetch GET 200 https://registry.npmjs.org/async-listen 75ms (cache miss)
333 silly packumentCache full:https://registry.npmjs.org/async-listen set size:undefined disposed:false
334 silly fetch manifest @types/node@20.11.0
335 silly packumentCache full:https://registry.npmjs.org/@types%2fnode cache-miss
336 http fetch GET 200 https://registry.npmjs.org/generic-pool 75ms (cache miss)
337 silly packumentCache full:https://registry.npmjs.org/generic-pool set size:undefined disposed:false
338 silly fetch manifest async-listen@3.0.0
339 silly packumentCache full:https://registry.npmjs.org/async-listen cache-miss
340 http cache https://registry.npmjs.org/undici 17ms (cache hit)
341 silly packumentCache full:https://registry.npmjs.org/undici set size:1331144 disposed:false
342 silly fetch manifest edge-runtime@2.5.9
343 silly packumentCache full:https://registry.npmjs.org/edge-runtime cache-miss
344 http cache https://registry.npmjs.org/async-listen 16ms (cache hit)
345 silly packumentCache full:https://registry.npmjs.org/async-listen set size:27933 disposed:false
346 silly fetch manifest path-to-regexp@6.1.0
347 silly packumentCache full:https://registry.npmjs.org/path-to-regexp cache-hit
348 silly fetch manifest es-module-lexer@1.4.1
349 silly packumentCache full:https://registry.npmjs.org/es-module-lexer cache-miss
350 http fetch GET 200 https://registry.npmjs.org/node-fetch 121ms (cache miss)
351 silly packumentCache full:https://registry.npmjs.org/node-fetch set size:undefined disposed:false
352 silly fetch manifest @edge-runtime/vm@3.2.0
353 silly packumentCache full:https://registry.npmjs.org/@edge-runtime%2fvm cache-miss
354 http fetch GET 200 https://registry.npmjs.org/etag 52ms (cache miss)
355 silly packumentCache full:https://registry.npmjs.org/etag set size:undefined disposed:false
356 silly fetch manifest cjs-module-lexer@1.2.3
357 silly packumentCache full:https://registry.npmjs.org/cjs-module-lexer cache-miss
358 http fetch GET 200 https://registry.npmjs.org/stream-to-promise 59ms (cache miss)
359 silly packumentCache full:https://registry.npmjs.org/stream-to-promise set size:undefined disposed:false
360 silly fetch manifest @vercel/error-utils@2.0.3
361 silly packumentCache full:https://registry.npmjs.org/@vercel%2ferror-utils cache-miss
362 http fetch GET 200 https://registry.npmjs.org/mime-types 56ms (cache miss)
363 silly packumentCache full:https://registry.npmjs.org/mime-types set size:undefined disposed:false
364 silly fetch manifest path-to-regexp-updated@npm:path-to-regexp@6.3.0
365 silly packumentCache full:https://registry.npmjs.org/path-to-regexp cache-hit
366 silly fetch manifest @edge-runtime/node-utils@2.3.0
367 silly packumentCache full:https://registry.npmjs.org/@edge-runtime%2fnode-utils cache-miss
368 http fetch GET 200 https://registry.npmjs.org/node-fetch 82ms (cache miss)
369 silly packumentCache full:https://registry.npmjs.org/node-fetch set size:undefined disposed:false
370 silly fetch manifest @edge-runtime/primitives@4.1.0
371 silly packumentCache full:https://registry.npmjs.org/@edge-runtime%2fprimitives cache-miss
372 http fetch GET 200 https://registry.npmjs.org/yauzl-promise 136ms (cache miss)
373 silly packumentCache full:https://registry.npmjs.org/yauzl-promise set size:undefined disposed:false
374 silly fetch manifest semver@6.3.1
375 silly packumentCache full:https://registry.npmjs.org/semver cache-miss
376 http fetch GET 200 https://registry.npmjs.org/xdg-app-paths 146ms (cache miss)
377 silly packumentCache full:https://registry.npmjs.org/xdg-app-paths set size:undefined disposed:false
378 silly fetch manifest @vercel/error-utils@2.0.3
379 silly packumentCache full:https://registry.npmjs.org/@vercel%2ferror-utils cache-miss
380 http cache https://registry.npmjs.org/semver 8ms (cache hit)
381 silly packumentCache full:https://registry.npmjs.org/semver set size:229620 disposed:false
382 silly fetch manifest execa@5
383 silly packumentCache full:https://registry.npmjs.org/execa cache-miss
384 http fetch GET 200 https://registry.npmjs.org/es-module-lexer 77ms (cache miss)
385 silly packumentCache full:https://registry.npmjs.org/es-module-lexer set size:undefined disposed:false
386 silly fetch manifest @iarna/toml@^2.2.5
387 silly packumentCache full:https://registry.npmjs.org/@iarna%2ftoml cache-miss
388 http cache https://registry.npmjs.org/execa 11ms (cache hit)
389 silly packumentCache full:https://registry.npmjs.org/execa set size:181234 disposed:false
390 silly fetch manifest @vercel/gatsby-plugin-vercel-builder@2.1.2
391 silly packumentCache full:https://registry.npmjs.org/@vercel%2fgatsby-plugin-vercel-builder cache-miss
392 http fetch GET 200 https://registry.npmjs.org/cjs-module-lexer 74ms (cache miss)
393 silly packumentCache full:https://registry.npmjs.org/cjs-module-lexer set size:undefined disposed:false
394 silly fetch manifest @vercel/gatsby-plugin-vercel-analytics@1.0.11
395 silly packumentCache full:https://registry.npmjs.org/@vercel%2fgatsby-plugin-vercel-analytics cache-miss
396 http fetch GET 200 https://registry.npmjs.org/@tootallnate%2fonce 152ms (cache miss)
397 silly packumentCache full:https://registry.npmjs.org/@tootallnate%2fonce set size:undefined disposed:false
398 silly fetch manifest readdirp@^4.0.1
399 silly packumentCache full:https://registry.npmjs.org/readdirp cache-miss
400 http fetch GET 200 https://registry.npmjs.org/@edge-runtime%2fvm 96ms (cache miss)
401 silly packumentCache full:https://registry.npmjs.org/@edge-runtime%2fvm set size:undefined disposed:false
402 silly fetch manifest @esbuild/aix-ppc64@0.27.0
403 silly packumentCache full:https://registry.npmjs.org/@esbuild%2faix-ppc64 cache-miss
404 http fetch GET 200 https://registry.npmjs.org/@vercel%2ferror-utils 100ms (cache miss)
405 silly packumentCache full:https://registry.npmjs.org/@vercel%2ferror-utils set size:undefined disposed:false
406 silly fetch manifest @esbuild/linux-arm@0.27.0
407 silly packumentCache full:https://registry.npmjs.org/@esbuild%2flinux-arm cache-miss
408 http fetch GET 200 https://registry.npmjs.org/edge-runtime 127ms (cache miss)
409 silly packumentCache full:https://registry.npmjs.org/edge-runtime set size:undefined disposed:false
410 silly fetch manifest @esbuild/linux-x64@0.27.0
411 silly packumentCache full:https://registry.npmjs.org/@esbuild%2flinux-x64 cache-miss
412 http fetch GET 200 https://registry.npmjs.org/@vercel%2ferror-utils 65ms (cache miss)
413 silly packumentCache full:https://registry.npmjs.org/@vercel%2ferror-utils set size:undefined disposed:false
414 silly fetch manifest @esbuild/sunos-x64@0.27.0
415 silly packumentCache full:https://registry.npmjs.org/@esbuild%2fsunos-x64 cache-miss
416 http fetch GET 200 https://registry.npmjs.org/@iarna%2ftoml 66ms (cache miss)
417 silly packumentCache full:https://registry.npmjs.org/@iarna%2ftoml set size:undefined disposed:false
418 silly fetch manifest @esbuild/win32-x64@0.27.0
419 silly packumentCache full:https://registry.npmjs.org/@esbuild%2fwin32-x64 cache-miss
420 http fetch GET 200 https://registry.npmjs.org/@vercel%2fgatsby-plugin-vercel-analytics 64ms (cache miss)
421 silly packumentCache full:https://registry.npmjs.org/@vercel%2fgatsby-plugin-vercel-analytics set size:undefined disposed:false
422 silly fetch manifest @esbuild/darwin-x64@0.27.0
423 silly packumentCache full:https://registry.npmjs.org/@esbuild%2fdarwin-x64 cache-miss
424 http fetch GET 200 https://registry.npmjs.org/@vercel%2fgatsby-plugin-vercel-builder 72ms (cache miss)
425 silly packumentCache full:https://registry.npmjs.org/@vercel%2fgatsby-plugin-vercel-builder set size:undefined disposed:false
426 silly fetch manifest @esbuild/linux-ia32@0.27.0
427 silly packumentCache full:https://registry.npmjs.org/@esbuild%2flinux-ia32 cache-miss
428 http fetch GET 200 https://registry.npmjs.org/readdirp 70ms (cache miss)
429 silly packumentCache full:https://registry.npmjs.org/readdirp set size:undefined disposed:false
430 silly fetch manifest @esbuild/netbsd-x64@0.27.0
431 silly packumentCache full:https://registry.npmjs.org/@esbuild%2fnetbsd-x64 cache-miss
432 http fetch GET 200 https://registry.npmjs.org/@esbuild%2faix-ppc64 69ms (cache miss)
433 silly packumentCache full:https://registry.npmjs.org/@esbuild%2faix-ppc64 set size:undefined disposed:false
434 silly fetch manifest @esbuild/win32-ia32@0.27.0
435 silly packumentCache full:https://registry.npmjs.org/@esbuild%2fwin32-ia32 cache-miss
436 http fetch GET 200 https://registry.npmjs.org/@types%2fnode 210ms (cache miss)
437 silly packumentCache full:https://registry.npmjs.org/@types%2fnode set size:undefined disposed:false
438 silly fetch manifest @esbuild/android-arm@0.27.0
439 silly packumentCache full:https://registry.npmjs.org/@esbuild%2fandroid-arm cache-miss
440 http fetch GET 200 https://registry.npmjs.org/@esbuild%2flinux-arm 145ms (cache miss)
441 silly packumentCache full:https://registry.npmjs.org/@esbuild%2flinux-arm set size:undefined disposed:false
442 silly fetch manifest @esbuild/android-x64@0.27.0
443 silly packumentCache full:https://registry.npmjs.org/@esbuild%2fandroid-x64 cache-miss
444 http fetch GET 200 https://registry.npmjs.org/@esbuild%2fwin32-ia32 97ms (cache miss)
445 silly packumentCache full:https://registry.npmjs.org/@esbuild%2fwin32-ia32 set size:undefined disposed:false
446 silly fetch manifest @esbuild/freebsd-x64@0.27.0
447 silly packumentCache full:https://registry.npmjs.org/@esbuild%2ffreebsd-x64 cache-miss
448 http fetch GET 200 https://registry.npmjs.org/@esbuild%2fdarwin-x64 114ms (cache miss)
449 silly packumentCache full:https://registry.npmjs.org/@esbuild%2fdarwin-x64 set size:undefined disposed:false
450 silly fetch manifest @esbuild/linux-arm64@0.27.0
451 silly packumentCache full:https://registry.npmjs.org/@esbuild%2flinux-arm64 cache-miss
452 http fetch GET 200 https://registry.npmjs.org/@esbuild%2fnetbsd-x64 102ms (cache miss)
453 silly packumentCache full:https://registry.npmjs.org/@esbuild%2fnetbsd-x64 set size:undefined disposed:false
454 silly fetch manifest @esbuild/linux-ppc64@0.27.0
455 silly packumentCache full:https://registry.npmjs.org/@esbuild%2flinux-ppc64 cache-miss
456 http fetch GET 200 https://registry.npmjs.org/@esbuild%2fsunos-x64 142ms (cache miss)
457 silly packumentCache full:https://registry.npmjs.org/@esbuild%2fsunos-x64 set size:undefined disposed:false
458 silly fetch manifest @esbuild/linux-s390x@0.27.0
459 silly packumentCache full:https://registry.npmjs.org/@esbuild%2flinux-s390x cache-miss
460 http fetch GET 200 https://registry.npmjs.org/@esbuild%2flinux-x64 151ms (cache miss)
461 silly packumentCache full:https://registry.npmjs.org/@esbuild%2flinux-x64 set size:undefined disposed:false
462 silly fetch manifest @esbuild/openbsd-x64@0.27.0
463 silly packumentCache full:https://registry.npmjs.org/@esbuild%2fopenbsd-x64 cache-miss
464 http fetch GET 200 https://registry.npmjs.org/@esbuild%2fwin32-x64 132ms (cache miss)
465 silly packumentCache full:https://registry.npmjs.org/@esbuild%2fwin32-x64 set size:undefined disposed:false
466 silly fetch manifest @esbuild/win32-arm64@0.27.0
467 silly packumentCache full:https://registry.npmjs.org/@esbuild%2fwin32-arm64 cache-miss
468 http fetch GET 200 https://registry.npmjs.org/@esbuild%2flinux-ia32 119ms (cache miss)
469 silly packumentCache full:https://registry.npmjs.org/@esbuild%2flinux-ia32 set size:undefined disposed:false
470 silly fetch manifest @esbuild/darwin-arm64@0.27.0
471 silly packumentCache full:https://registry.npmjs.org/@esbuild%2fdarwin-arm64 cache-miss
472 http fetch GET 200 https://registry.npmjs.org/@esbuild%2fandroid-arm 78ms (cache miss)
473 silly packumentCache full:https://registry.npmjs.org/@esbuild%2fandroid-arm set size:undefined disposed:false
474 silly fetch manifest @esbuild/netbsd-arm64@0.27.0
475 silly packumentCache full:https://registry.npmjs.org/@esbuild%2fnetbsd-arm64 cache-miss
476 http fetch GET 200 https://registry.npmjs.org/@esbuild%2fandroid-x64 76ms (cache miss)
477 silly packumentCache full:https://registry.npmjs.org/@esbuild%2fandroid-x64 set size:undefined disposed:false
478 silly fetch manifest @esbuild/android-arm64@0.27.0
479 silly packumentCache full:https://registry.npmjs.org/@esbuild%2fandroid-arm64 cache-miss
480 http fetch GET 200 https://registry.npmjs.org/@esbuild%2fdarwin-arm64 69ms (cache miss)
481 silly packumentCache full:https://registry.npmjs.org/@esbuild%2fdarwin-arm64 set size:undefined disposed:false
482 silly fetch manifest @esbuild/freebsd-arm64@0.27.0
483 silly packumentCache full:https://registry.npmjs.org/@esbuild%2ffreebsd-arm64 cache-miss
484 http fetch GET 200 https://registry.npmjs.org/@esbuild%2flinux-s390x 80ms (cache miss)
485 silly packumentCache full:https://registry.npmjs.org/@esbuild%2flinux-s390x set size:undefined disposed:false
486 silly fetch manifest @esbuild/linux-loong64@0.27.0
487 silly packumentCache full:https://registry.npmjs.org/@esbuild%2flinux-loong64 cache-miss
488 http fetch GET 200 https://registry.npmjs.org/@esbuild%2flinux-ppc64 84ms (cache miss)
489 silly packumentCache full:https://registry.npmjs.org/@esbuild%2flinux-ppc64 set size:undefined disposed:false
490 silly fetch manifest @esbuild/linux-riscv64@0.27.0
491 silly packumentCache full:https://registry.npmjs.org/@esbuild%2flinux-riscv64 cache-miss
492 http fetch GET 200 https://registry.npmjs.org/@esbuild%2fopenbsd-x64 83ms (cache miss)
493 silly packumentCache full:https://registry.npmjs.org/@esbuild%2fopenbsd-x64 set size:undefined disposed:false
494 silly fetch manifest @esbuild/openbsd-arm64@0.27.0
495 silly packumentCache full:https://registry.npmjs.org/@esbuild%2fopenbsd-arm64 cache-miss
496 http fetch GET 200 https://registry.npmjs.org/@esbuild%2ffreebsd-x64 93ms (cache miss)
497 silly packumentCache full:https://registry.npmjs.org/@esbuild%2ffreebsd-x64 set size:undefined disposed:false
498 silly fetch manifest @esbuild/linux-mips64el@0.27.0
499 silly packumentCache full:https://registry.npmjs.org/@esbuild%2flinux-mips64el cache-miss
500 http fetch GET 200 https://registry.npmjs.org/@esbuild%2fwin32-arm64 86ms (cache miss)
501 silly packumentCache full:https://registry.npmjs.org/@esbuild%2fwin32-arm64 set size:undefined disposed:false
502 silly fetch manifest @esbuild/openharmony-arm64@0.27.0
503 silly packumentCache full:https://registry.npmjs.org/@esbuild%2fopenharmony-arm64 cache-miss
504 http fetch GET 200 https://registry.npmjs.org/@esbuild%2flinux-arm64 95ms (cache miss)
505 silly packumentCache full:https://registry.npmjs.org/@esbuild%2flinux-arm64 set size:undefined disposed:false
506 silly fetch manifest asynckit@^0.4.0
507 silly packumentCache full:https://registry.npmjs.org/asynckit cache-miss
508 http fetch GET 200 https://registry.npmjs.org/@esbuild%2fnetbsd-arm64 54ms (cache miss)
509 silly packumentCache full:https://registry.npmjs.org/@esbuild%2fnetbsd-arm64 set size:undefined disposed:false
510 silly fetch manifest combined-stream@^1.0.8
511 silly packumentCache full:https://registry.npmjs.org/combined-stream cache-miss
512 http fetch GET 200 https://registry.npmjs.org/@edge-runtime%2fprimitives 330ms (cache miss)
513 silly packumentCache full:https://registry.npmjs.org/@edge-runtime%2fprimitives set size:undefined disposed:false
514 silly fetch manifest es-set-tostringtag@^2.1.0
515 silly packumentCache full:https://registry.npmjs.org/es-set-tostringtag cache-miss
516 http fetch GET 200 https://registry.npmjs.org/@esbuild%2ffreebsd-arm64 66ms (cache miss)
517 silly packumentCache full:https://registry.npmjs.org/@esbuild%2ffreebsd-arm64 set size:undefined disposed:false
518 silly fetch manifest hasown@^2.0.2
519 silly packumentCache full:https://registry.npmjs.org/hasown cache-miss
520 http fetch GET 200 https://registry.npmjs.org/asynckit 60ms (cache miss)
521 silly packumentCache full:https://registry.npmjs.org/asynckit set size:undefined disposed:false
522 silly fetch manifest mime-types@^2.1.12
523 silly packumentCache full:https://registry.npmjs.org/mime-types cache-miss
524 http fetch GET 200 https://registry.npmjs.org/combined-stream 59ms (cache miss)
525 silly packumentCache full:https://registry.npmjs.org/combined-stream set size:undefined disposed:false
526 silly fetch manifest debug@^4.3.4
527 silly packumentCache full:https://registry.npmjs.org/debug cache-miss
528 http fetch GET 200 https://registry.npmjs.org/@esbuild%2fandroid-arm64 93ms (cache miss)
529 silly packumentCache full:https://registry.npmjs.org/@esbuild%2fandroid-arm64 set size:undefined disposed:false
530 silly fetch manifest lru-cache@^7.14.1
531 silly packumentCache full:https://registry.npmjs.org/lru-cache cache-miss
532 http fetch GET 200 https://registry.npmjs.org/@esbuild%2flinux-riscv64 82ms (cache miss)
533 silly packumentCache full:https://registry.npmjs.org/@esbuild%2flinux-riscv64 set size:undefined disposed:false
534 silly fetch manifest agent-base@^7.0.2
535 silly packumentCache full:https://registry.npmjs.org/agent-base cache-miss
536 http fetch GET 200 https://registry.npmjs.org/@esbuild%2fopenbsd-arm64 83ms (cache miss)
537 silly packumentCache full:https://registry.npmjs.org/@esbuild%2fopenbsd-arm64 set size:undefined disposed:false
538 silly fetch manifest proxy-from-env@^1.1.0
539 silly packumentCache full:https://registry.npmjs.org/proxy-from-env cache-miss
540 http cache https://registry.npmjs.org/mime-types 15ms (cache hit)
541 silly packumentCache full:https://registry.npmjs.org/mime-types set size:139110 disposed:false
542 silly fetch manifest pac-proxy-agent@^7.0.1
543 silly packumentCache full:https://registry.npmjs.org/pac-proxy-agent cache-miss
544 http fetch GET 200 https://registry.npmjs.org/@esbuild%2flinux-loong64 91ms (cache miss)
545 silly packumentCache full:https://registry.npmjs.org/@esbuild%2flinux-loong64 set size:undefined disposed:false
546 silly fetch manifest http-proxy-agent@^7.0.1
547 silly packumentCache full:https://registry.npmjs.org/http-proxy-agent cache-miss
548 http fetch GET 200 https://registry.npmjs.org/es-set-tostringtag 60ms (cache miss)
549 silly packumentCache full:https://registry.npmjs.org/es-set-tostringtag set size:undefined disposed:false
550 silly fetch manifest https-proxy-agent@^7.0.3
551 silly packumentCache full:https://registry.npmjs.org/https-proxy-agent cache-miss
552 http cache https://registry.npmjs.org/debug 19ms (cache hit)
553 silly packumentCache full:https://registry.npmjs.org/debug set size:195840 disposed:false
554 silly fetch manifest socks-proxy-agent@^8.0.2
555 silly packumentCache full:https://registry.npmjs.org/socks-proxy-agent cache-miss
556 http fetch GET 200 https://registry.npmjs.org/@esbuild%2flinux-mips64el 92ms (cache miss)
557 silly packumentCache full:https://registry.npmjs.org/@esbuild%2flinux-mips64el set size:undefined disposed:false
558 http fetch GET 200 https://registry.npmjs.org/@esbuild%2fopenharmony-arm64 92ms (cache miss)
559 silly packumentCache full:https://registry.npmjs.org/@esbuild%2fopenharmony-arm64 set size:undefined disposed:false
560 http fetch GET 200 https://registry.npmjs.org/hasown 52ms (cache miss)
561 silly packumentCache full:https://registry.npmjs.org/hasown set size:undefined disposed:false
562 http fetch GET 200 https://registry.npmjs.org/agent-base 48ms (cache miss)
563 silly packumentCache full:https://registry.npmjs.org/agent-base set size:undefined disposed:false
564 http fetch GET 200 https://registry.npmjs.org/pac-proxy-agent 51ms (cache miss)
565 silly packumentCache full:https://registry.npmjs.org/pac-proxy-agent set size:undefined disposed:false
566 http fetch GET 200 https://registry.npmjs.org/lru-cache 70ms (cache miss)
567 silly packumentCache full:https://registry.npmjs.org/lru-cache set size:undefined disposed:false
568 http fetch GET 200 https://registry.npmjs.org/proxy-from-env 69ms (cache miss)
569 silly packumentCache full:https://registry.npmjs.org/proxy-from-env set size:undefined disposed:false
570 http fetch GET 200 https://registry.npmjs.org/socks-proxy-agent 61ms (cache miss)
571 silly packumentCache full:https://registry.npmjs.org/socks-proxy-agent set size:undefined disposed:false
572 http fetch GET 200 https://registry.npmjs.org/http-proxy-agent 66ms (cache miss)
573 silly packumentCache full:https://registry.npmjs.org/http-proxy-agent set size:undefined disposed:false
574 http fetch GET 200 https://registry.npmjs.org/https-proxy-agent 67ms (cache miss)
575 silly packumentCache full:https://registry.npmjs.org/https-proxy-agent set size:undefined disposed:false
576 http fetch GET 200 https://registry.npmjs.org/@edge-runtime%2fnode-utils 813ms (cache miss)
577 silly packumentCache full:https://registry.npmjs.org/@edge-runtime%2fnode-utils set size:undefined disposed:false
578 silly placeDep ROOT @vercel/nft@1.4.0 OK for: @vercel/backends@0.0.49 want: 1.4.0
579 silly placeDep ROOT execa@3.2.0 OK for: @vercel/backends@0.0.49 want: 3.2.0
580 silly placeDep ROOT fs-extra@11.1.0 OK for: @vercel/backends@0.0.49 want: 11.1.0
581 silly placeDep ROOT oxc-transform@0.111.0 OK for: @vercel/backends@0.0.49 want: 0.111.0
582 silly placeDep ROOT path-to-regexp@8.3.0 OK for: @vercel/backends@0.0.49 want: 8.3.0
583 silly placeDep ROOT resolve.exports@2.0.3 OK for: @vercel/backends@0.0.49 want: 2.0.3
584 silly placeDep ROOT rolldown@1.0.0-rc.1 OK for: @vercel/backends@0.0.49 want: 1.0.0-rc.1
585 silly placeDep ROOT srvx@0.8.9 OK for: @vercel/backends@0.0.49 want: 0.8.9
586 silly placeDep ROOT tsx@4.21.0 OK for: @vercel/backends@0.0.49 want: 4.21.0
587 silly placeDep ROOT zod@3.22.4 OK for: @vercel/backends@0.0.49 want: 3.22.4
588 silly fetch manifest glob@^13.0.0
589 silly packumentCache full:https://registry.npmjs.org/glob cache-miss
590 silly fetch manifest acorn@^8.6.0
591 silly packumentCache full:https://registry.npmjs.org/acorn cache-miss
592 silly fetch manifest bindings@^1.4.0
593 silly packumentCache full:https://registry.npmjs.org/bindings cache-miss
594 silly fetch manifest picomatch@^4.0.2
595 silly packumentCache full:https://registry.npmjs.org/picomatch cache-miss
596 silly fetch manifest async-sema@^3.1.1
597 silly packumentCache full:https://registry.npmjs.org/async-sema cache-miss
598 silly fetch manifest graceful-fs@^4.2.9
599 silly packumentCache full:https://registry.npmjs.org/graceful-fs cache-miss
600 silly fetch manifest resolve-from@^5.0.0
601 silly packumentCache full:https://registry.npmjs.org/resolve-from cache-miss
602 silly fetch manifest estree-walker@2.0.2
603 silly packumentCache full:https://registry.npmjs.org/estree-walker cache-miss
604 silly fetch manifest node-gyp-build@^4.2.2
605 silly packumentCache full:https://registry.npmjs.org/node-gyp-build cache-miss
606 silly fetch manifest @rollup/pluginutils@^5.1.3
607 silly packumentCache full:https://registry.npmjs.org/@rollup%2fpluginutils cache-miss
608 silly fetch manifest @mapbox/node-pre-gyp@^2.0.0
609 silly packumentCache full:https://registry.npmjs.org/@mapbox%2fnode-pre-gyp cache-miss
610 http fetch GET 200 https://registry.npmjs.org/glob 55ms (cache miss)
611 silly packumentCache full:https://registry.npmjs.org/glob set size:undefined disposed:false
612 silly fetch manifest acorn-import-attributes@^1.9.5
613 silly packumentCache full:https://registry.npmjs.org/acorn-import-attributes cache-miss
614 http fetch GET 200 https://registry.npmjs.org/node-gyp-build 68ms (cache miss)
615 silly packumentCache full:https://registry.npmjs.org/node-gyp-build set size:undefined disposed:false
616 silly fetch manifest onetime@^5.1.0
617 silly packumentCache full:https://registry.npmjs.org/onetime cache-miss
618 http fetch GET 200 https://registry.npmjs.org/async-sema 70ms (cache miss)
619 silly packumentCache full:https://registry.npmjs.org/async-sema set size:undefined disposed:false
620 silly fetch manifest is-stream@^2.0.0
621 silly packumentCache full:https://registry.npmjs.org/is-stream cache-miss
622 http fetch GET 200 https://registry.npmjs.org/resolve-from 73ms (cache miss)
623 silly packumentCache full:https://registry.npmjs.org/resolve-from set size:undefined disposed:false
624 silly fetch manifest p-finally@^2.0.0
625 silly packumentCache full:https://registry.npmjs.org/p-finally cache-miss
626 http fetch GET 200 https://registry.npmjs.org/estree-walker 75ms (cache miss)
627 silly packumentCache full:https://registry.npmjs.org/estree-walker set size:undefined disposed:false
628 silly fetch manifest get-stream@^5.0.0
629 silly packumentCache full:https://registry.npmjs.org/get-stream cache-miss
630 http fetch GET 200 https://registry.npmjs.org/bindings 77ms (cache miss)
631 silly packumentCache full:https://registry.npmjs.org/bindings set size:undefined disposed:false
632 silly fetch manifest cross-spawn@^7.0.0
633 silly packumentCache full:https://registry.npmjs.org/cross-spawn cache-miss
634 http fetch GET 200 https://registry.npmjs.org/picomatch 79ms (cache miss)
635 silly packumentCache full:https://registry.npmjs.org/picomatch set size:undefined disposed:false
636 silly fetch manifest signal-exit@^3.0.2
637 silly packumentCache full:https://registry.npmjs.org/signal-exit cache-miss
638 http fetch GET 200 https://registry.npmjs.org/@rollup%2fpluginutils 80ms (cache miss)
639 silly packumentCache full:https://registry.npmjs.org/@rollup%2fpluginutils set size:undefined disposed:false
640 silly fetch manifest merge-stream@^2.0.0
641 silly packumentCache full:https://registry.npmjs.org/merge-stream cache-miss
642 http fetch GET 200 https://registry.npmjs.org/@mapbox%2fnode-pre-gyp 82ms (cache miss)
643 silly packumentCache full:https://registry.npmjs.org/@mapbox%2fnode-pre-gyp set size:undefined disposed:false
644 silly fetch manifest npm-run-path@^4.0.0
645 silly packumentCache full:https://registry.npmjs.org/npm-run-path cache-miss
646 http fetch GET 200 https://registry.npmjs.org/graceful-fs 87ms (cache miss)
647 silly packumentCache full:https://registry.npmjs.org/graceful-fs set size:undefined disposed:false
648 silly fetch manifest human-signals@^1.1.1
649 silly packumentCache full:https://registry.npmjs.org/human-signals cache-miss
650 http fetch GET 200 https://registry.npmjs.org/acorn 90ms (cache miss)
651 silly packumentCache full:https://registry.npmjs.org/acorn set size:undefined disposed:false
652 silly fetch manifest strip-final-newline@^2.0.0
653 silly packumentCache full:https://registry.npmjs.org/strip-final-newline cache-miss
654 http fetch GET 200 https://registry.npmjs.org/acorn-import-attributes 59ms (cache miss)
655 silly packumentCache full:https://registry.npmjs.org/acorn-import-attributes set size:undefined disposed:false
656 silly fetch manifest jsonfile@^6.0.1
657 silly packumentCache full:https://registry.npmjs.org/jsonfile cache-miss
658 http fetch GET 200 https://registry.npmjs.org/onetime 49ms (cache miss)
659 silly packumentCache full:https://registry.npmjs.org/onetime set size:undefined disposed:false
660 silly fetch manifest graceful-fs@^4.2.0
661 silly packumentCache full:https://registry.npmjs.org/graceful-fs cache-miss
662 http fetch GET 200 https://registry.npmjs.org/is-stream 52ms (cache miss)
663 silly packumentCache full:https://registry.npmjs.org/is-stream set size:undefined disposed:false
664 silly fetch manifest universalify@^2.0.0
665 silly packumentCache full:https://registry.npmjs.org/universalify cache-miss
666 http cache https://registry.npmjs.org/graceful-fs 8ms (cache hit)
667 silly packumentCache full:https://registry.npmjs.org/graceful-fs set size:124285 disposed:false
668 silly fetch manifest @oxc-transform/binding-darwin-x64@0.111.0
669 silly packumentCache full:https://registry.npmjs.org/@oxc-transform%2fbinding-darwin-x64 cache-miss
670 http fetch GET 200 https://registry.npmjs.org/p-finally 56ms (cache miss)
671 silly packumentCache full:https://registry.npmjs.org/p-finally set size:undefined disposed:false
672 silly fetch manifest @oxc-transform/binding-freebsd-x64@0.111.0
673 silly packumentCache full:https://registry.npmjs.org/@oxc-transform%2fbinding-freebsd-x64 cache-miss
674 http fetch GET 200 https://registry.npmjs.org/signal-exit 54ms (cache miss)
675 silly packumentCache full:https://registry.npmjs.org/signal-exit set size:undefined disposed:false
676 silly fetch manifest @oxc-transform/binding-wasm32-wasi@0.111.0
677 silly packumentCache full:https://registry.npmjs.org/@oxc-transform%2fbinding-wasm32-wasi cache-miss
678 http fetch GET 200 https://registry.npmjs.org/npm-run-path 53ms (cache miss)
679 silly packumentCache full:https://registry.npmjs.org/npm-run-path set size:undefined disposed:false
680 silly fetch manifest @oxc-transform/binding-darwin-arm64@0.111.0
681 silly packumentCache full:https://registry.npmjs.org/@oxc-transform%2fbinding-darwin-arm64 cache-miss
682 http fetch GET 200 https://registry.npmjs.org/cross-spawn 61ms (cache miss)
683 silly packumentCache full:https://registry.npmjs.org/cross-spawn set size:undefined disposed:false
684 silly fetch manifest @oxc-transform/binding-android-arm64@0.111.0
685 silly packumentCache full:https://registry.npmjs.org/@oxc-transform%2fbinding-android-arm64 cache-miss
686 http fetch GET 200 https://registry.npmjs.org/get-stream 67ms (cache miss)
687 silly packumentCache full:https://registry.npmjs.org/get-stream set size:undefined disposed:false
688 silly fetch manifest @oxc-transform/binding-linux-x64-gnu@0.111.0
689 silly packumentCache full:https://registry.npmjs.org/@oxc-transform%2fbinding-linux-x64-gnu cache-miss
690 http fetch GET 200 https://registry.npmjs.org/merge-stream 64ms (cache miss)
691 silly packumentCache full:https://registry.npmjs.org/merge-stream set size:undefined disposed:false
692 silly fetch manifest @oxc-transform/binding-linux-x64-musl@0.111.0
693 silly packumentCache full:https://registry.npmjs.org/@oxc-transform%2fbinding-linux-x64-musl cache-miss
694 http fetch GET 200 https://registry.npmjs.org/human-signals 62ms (cache miss)
695 silly packumentCache full:https://registry.npmjs.org/human-signals set size:undefined disposed:false
696 silly fetch manifest @oxc-transform/binding-win32-x64-msvc@0.111.0
697 silly packumentCache full:https://registry.npmjs.org/@oxc-transform%2fbinding-win32-x64-msvc cache-miss
698 http fetch GET 200 https://registry.npmjs.org/strip-final-newline 58ms (cache miss)
699 silly packumentCache full:https://registry.npmjs.org/strip-final-newline set size:undefined disposed:false
700 silly fetch manifest @oxc-transform/binding-linux-arm64-gnu@0.111.0
701 silly packumentCache full:https://registry.npmjs.org/@oxc-transform%2fbinding-linux-arm64-gnu cache-miss
702 http fetch GET 200 https://registry.npmjs.org/jsonfile 52ms (cache miss)
703 silly packumentCache full:https://registry.npmjs.org/jsonfile set size:undefined disposed:false
704 silly fetch manifest @oxc-transform/binding-linux-ppc64-gnu@0.111.0
705 silly packumentCache full:https://registry.npmjs.org/@oxc-transform%2fbinding-linux-ppc64-gnu cache-miss
706 http fetch GET 200 https://registry.npmjs.org/universalify 48ms (cache miss)
707 silly packumentCache full:https://registry.npmjs.org/universalify set size:undefined disposed:false
708 silly fetch manifest @oxc-transform/binding-linux-s390x-gnu@0.111.0
709 silly packumentCache full:https://registry.npmjs.org/@oxc-transform%2fbinding-linux-s390x-gnu cache-miss
710 http fetch GET 200 https://registry.npmjs.org/@oxc-transform%2fbinding-darwin-x64 62ms (cache miss)
711 silly packumentCache full:https://registry.npmjs.org/@oxc-transform%2fbinding-darwin-x64 set size:undefined disposed:false
712 silly fetch manifest @oxc-transform/binding-win32-ia32-msvc@0.111.0
713 silly packumentCache full:https://registry.npmjs.org/@oxc-transform%2fbinding-win32-ia32-msvc cache-miss
714 http fetch GET 200 https://registry.npmjs.org/@oxc-transform%2fbinding-freebsd-x64 64ms (cache miss)
715 silly packumentCache full:https://registry.npmjs.org/@oxc-transform%2fbinding-freebsd-x64 set size:undefined disposed:false
716 silly fetch manifest @oxc-transform/binding-android-arm-eabi@0.111.0
717 silly packumentCache full:https://registry.npmjs.org/@oxc-transform%2fbinding-android-arm-eabi cache-miss
718 http fetch GET 200 https://registry.npmjs.org/@oxc-transform%2fbinding-darwin-arm64 72ms (cache miss)
719 silly packumentCache full:https://registry.npmjs.org/@oxc-transform%2fbinding-darwin-arm64 set size:undefined disposed:false
720 silly fetch manifest @oxc-transform/binding-linux-arm64-musl@0.111.0
721 silly packumentCache full:https://registry.npmjs.org/@oxc-transform%2fbinding-linux-arm64-musl cache-miss
722 http fetch GET 200 https://registry.npmjs.org/@oxc-transform%2fbinding-android-arm64 72ms (cache miss)
723 silly packumentCache full:https://registry.npmjs.org/@oxc-transform%2fbinding-android-arm64 set size:undefined disposed:false
724 silly fetch manifest @oxc-transform/binding-win32-arm64-msvc@0.111.0
725 silly packumentCache full:https://registry.npmjs.org/@oxc-transform%2fbinding-win32-arm64-msvc cache-miss
726 http fetch GET 200 https://registry.npmjs.org/@oxc-transform%2fbinding-linux-x64-musl 73ms (cache miss)
727 silly packumentCache full:https://registry.npmjs.org/@oxc-transform%2fbinding-linux-x64-musl set size:undefined disposed:false
728 silly fetch manifest @oxc-transform/binding-linux-riscv64-gnu@0.111.0
729 silly packumentCache full:https://registry.npmjs.org/@oxc-transform%2fbinding-linux-riscv64-gnu cache-miss
730 http fetch GET 200 https://registry.npmjs.org/@oxc-transform%2fbinding-win32-x64-msvc 78ms (cache miss)
731 silly packumentCache full:https://registry.npmjs.org/@oxc-transform%2fbinding-win32-x64-msvc set size:undefined disposed:false
732 silly fetch manifest @oxc-transform/binding-openharmony-arm64@0.111.0
733 silly packumentCache full:https://registry.npmjs.org/@oxc-transform%2fbinding-openharmony-arm64 cache-miss
734 http fetch GET 200 https://registry.npmjs.org/@oxc-transform%2fbinding-linux-s390x-gnu 64ms (cache miss)
735 silly packumentCache full:https://registry.npmjs.org/@oxc-transform%2fbinding-linux-s390x-gnu set size:undefined disposed:false
736 silly fetch manifest @oxc-transform/binding-linux-riscv64-musl@0.111.0
737 silly packumentCache full:https://registry.npmjs.org/@oxc-transform%2fbinding-linux-riscv64-musl cache-miss
738 http fetch GET 200 https://registry.npmjs.org/@oxc-transform%2fbinding-wasm32-wasi 111ms (cache miss)
739 silly packumentCache full:https://registry.npmjs.org/@oxc-transform%2fbinding-wasm32-wasi set size:undefined disposed:false
740 silly fetch manifest @oxc-transform/binding-linux-arm-gnueabihf@0.111.0
741 silly packumentCache full:https://registry.npmjs.org/@oxc-transform%2fbinding-linux-arm-gnueabihf cache-miss
742 http fetch GET 200 https://registry.npmjs.org/@oxc-transform%2fbinding-linux-arm64-gnu 109ms (cache miss)
743 silly packumentCache full:https://registry.npmjs.org/@oxc-transform%2fbinding-linux-arm64-gnu set size:undefined disposed:false
744 silly fetch manifest @oxc-transform/binding-linux-arm-musleabihf@0.111.0
745 silly packumentCache full:https://registry.npmjs.org/@oxc-transform%2fbinding-linux-arm-musleabihf cache-miss
746 http fetch GET 200 https://registry.npmjs.org/@oxc-transform%2fbinding-win32-ia32-msvc 76ms (cache miss)
747 silly packumentCache full:https://registry.npmjs.org/@oxc-transform%2fbinding-win32-ia32-msvc set size:undefined disposed:false
748 silly fetch manifest @oxc-project/types@=0.110.0
749 silly packumentCache full:https://registry.npmjs.org/@oxc-project%2ftypes cache-miss
750 http fetch GET 200 https://registry.npmjs.org/@oxc-transform%2fbinding-win32-arm64-msvc 68ms (cache miss)
751 silly packumentCache full:https://registry.npmjs.org/@oxc-transform%2fbinding-win32-arm64-msvc set size:undefined disposed:false
752 silly fetch manifest @rolldown/pluginutils@1.0.0-rc.1
753 silly packumentCache full:https://registry.npmjs.org/@rolldown%2fpluginutils cache-miss
754 http fetch GET 200 https://registry.npmjs.org/@oxc-transform%2fbinding-android-arm-eabi 91ms (cache miss)
755 silly packumentCache full:https://registry.npmjs.org/@oxc-transform%2fbinding-android-arm-eabi set size:undefined disposed:false
756 silly fetch manifest @rolldown/binding-darwin-x64@1.0.0-rc.1
757 silly packumentCache full:https://registry.npmjs.org/@rolldown%2fbinding-darwin-x64 cache-miss
758 http fetch GET 200 https://registry.npmjs.org/@oxc-transform%2fbinding-linux-arm64-musl 78ms (cache miss)
759 silly packumentCache full:https://registry.npmjs.org/@oxc-transform%2fbinding-linux-arm64-musl set size:undefined disposed:false
760 silly fetch manifest @rolldown/binding-freebsd-x64@1.0.0-rc.1
761 silly packumentCache full:https://registry.npmjs.org/@rolldown%2fbinding-freebsd-x64 cache-miss
762 http fetch GET 200 https://registry.npmjs.org/@oxc-transform%2fbinding-linux-riscv64-gnu 76ms (cache miss)
763 silly packumentCache full:https://registry.npmjs.org/@oxc-transform%2fbinding-linux-riscv64-gnu set size:undefined disposed:false
764 silly fetch manifest @rolldown/binding-wasm32-wasi@1.0.0-rc.1
765 silly packumentCache full:https://registry.npmjs.org/@rolldown%2fbinding-wasm32-wasi cache-miss
766 http fetch GET 200 https://registry.npmjs.org/@oxc-transform%2fbinding-linux-riscv64-musl 65ms (cache miss)
767 silly packumentCache full:https://registry.npmjs.org/@oxc-transform%2fbinding-linux-riscv64-musl set size:undefined disposed:false
768 silly fetch manifest @rolldown/binding-darwin-arm64@1.0.0-rc.1
769 silly packumentCache full:https://registry.npmjs.org/@rolldown%2fbinding-darwin-arm64 cache-miss
770 http fetch GET 200 https://registry.npmjs.org/@oxc-transform%2fbinding-linux-arm-musleabihf 77ms (cache miss)
771 silly packumentCache full:https://registry.npmjs.org/@oxc-transform%2fbinding-linux-arm-musleabihf set size:undefined disposed:false
772 silly fetch manifest @rolldown/binding-android-arm64@1.0.0-rc.1
773 silly packumentCache full:https://registry.npmjs.org/@rolldown%2fbinding-android-arm64 cache-miss
774 http fetch GET 200 https://registry.npmjs.org/@oxc-project%2ftypes 72ms (cache miss)
775 silly packumentCache full:https://registry.npmjs.org/@oxc-project%2ftypes set size:undefined disposed:false
776 silly fetch manifest @rolldown/binding-linux-x64-gnu@1.0.0-rc.1
777 silly packumentCache full:https://registry.npmjs.org/@rolldown%2fbinding-linux-x64-gnu cache-miss
778 http fetch GET 200 https://registry.npmjs.org/@oxc-transform%2fbinding-openharmony-arm64 119ms (cache miss)
779 silly packumentCache full:https://registry.npmjs.org/@oxc-transform%2fbinding-openharmony-arm64 set size:undefined disposed:false
780 silly fetch manifest @rolldown/binding-linux-x64-musl@1.0.0-rc.1
781 silly packumentCache full:https://registry.npmjs.org/@rolldown%2fbinding-linux-x64-musl cache-miss
782 http fetch GET 200 https://registry.npmjs.org/@oxc-transform%2fbinding-linux-arm-gnueabihf 105ms (cache miss)
783 silly packumentCache full:https://registry.npmjs.org/@oxc-transform%2fbinding-linux-arm-gnueabihf set size:undefined disposed:false
784 silly fetch manifest @rolldown/binding-win32-x64-msvc@1.0.0-rc.1
785 silly packumentCache full:https://registry.npmjs.org/@rolldown%2fbinding-win32-x64-msvc cache-miss
786 http fetch GET 200 https://registry.npmjs.org/@rolldown%2fpluginutils 71ms (cache miss)
787 silly packumentCache full:https://registry.npmjs.org/@rolldown%2fpluginutils set size:undefined disposed:false
788 silly fetch manifest @rolldown/binding-linux-arm64-gnu@1.0.0-rc.1
789 silly packumentCache full:https://registry.npmjs.org/@rolldown%2fbinding-linux-arm64-gnu cache-miss
790 http fetch GET 200 https://registry.npmjs.org/@rolldown%2fbinding-darwin-x64 108ms (cache miss)
791 silly packumentCache full:https://registry.npmjs.org/@rolldown%2fbinding-darwin-x64 set size:undefined disposed:false
792 silly fetch manifest @rolldown/binding-linux-arm64-musl@1.0.0-rc.1
793 silly packumentCache full:https://registry.npmjs.org/@rolldown%2fbinding-linux-arm64-musl cache-miss
794 http fetch GET 200 https://registry.npmjs.org/@rolldown%2fbinding-darwin-arm64 108ms (cache miss)
795 silly packumentCache full:https://registry.npmjs.org/@rolldown%2fbinding-darwin-arm64 set size:undefined disposed:false
796 silly fetch manifest @rolldown/binding-win32-arm64-msvc@1.0.0-rc.1
797 silly packumentCache full:https://registry.npmjs.org/@rolldown%2fbinding-win32-arm64-msvc cache-miss
798 http fetch GET 200 https://registry.npmjs.org/@rolldown%2fbinding-freebsd-x64 132ms (cache miss)
799 silly packumentCache full:https://registry.npmjs.org/@rolldown%2fbinding-freebsd-x64 set size:undefined disposed:false
800 silly fetch manifest @rolldown/binding-openharmony-arm64@1.0.0-rc.1
801 silly packumentCache full:https://registry.npmjs.org/@rolldown%2fbinding-openharmony-arm64 cache-miss
802 http fetch GET 200 https://registry.npmjs.org/@rolldown%2fbinding-android-arm64 92ms (cache miss)
803 silly packumentCache full:https://registry.npmjs.org/@rolldown%2fbinding-android-arm64 set size:undefined disposed:false
804 silly fetch manifest @rolldown/binding-linux-arm-gnueabihf@1.0.0-rc.1
805 silly packumentCache full:https://registry.npmjs.org/@rolldown%2fbinding-linux-arm-gnueabihf cache-miss
806 http fetch GET 200 https://registry.npmjs.org/@rolldown%2fbinding-wasm32-wasi 147ms (cache miss)
807 silly packumentCache full:https://registry.npmjs.org/@rolldown%2fbinding-wasm32-wasi set size:undefined disposed:false
808 silly fetch manifest cookie-es@^2.0.0
809 silly packumentCache full:https://registry.npmjs.org/cookie-es cache-miss
810 http fetch GET 200 https://registry.npmjs.org/@rolldown%2fbinding-linux-x64-gnu 109ms (cache miss)
811 silly packumentCache full:https://registry.npmjs.org/@rolldown%2fbinding-linux-x64-gnu set size:undefined disposed:false
812 silly fetch manifest get-tsconfig@^4.7.5
813 silly packumentCache full:https://registry.npmjs.org/get-tsconfig cache-miss
814 http fetch GET 200 https://registry.npmjs.org/@rolldown%2fbinding-win32-x64-msvc 110ms (cache miss)
815 silly packumentCache full:https://registry.npmjs.org/@rolldown%2fbinding-win32-x64-msvc set size:undefined disposed:false
816 silly fetch manifest fsevents@~2.3.3
817 silly packumentCache full:https://registry.npmjs.org/fsevents cache-miss
818 http fetch GET 200 https://registry.npmjs.org/@rolldown%2fbinding-linux-arm64-gnu 112ms (cache miss)
819 silly packumentCache full:https://registry.npmjs.org/@rolldown%2fbinding-linux-arm64-gnu set size:undefined disposed:false
820 http fetch GET 200 https://registry.npmjs.org/@rolldown%2fbinding-openharmony-arm64 60ms (cache miss)
821 silly packumentCache full:https://registry.npmjs.org/@rolldown%2fbinding-openharmony-arm64 set size:undefined disposed:false
822 http fetch GET 200 https://registry.npmjs.org/@rolldown%2fbinding-win32-arm64-msvc 75ms (cache miss)
823 silly packumentCache full:https://registry.npmjs.org/@rolldown%2fbinding-win32-arm64-msvc set size:undefined disposed:false
824 http fetch GET 200 https://registry.npmjs.org/cookie-es 53ms (cache miss)
825 silly packumentCache full:https://registry.npmjs.org/cookie-es set size:undefined disposed:false
826 http fetch GET 200 https://registry.npmjs.org/get-tsconfig 55ms (cache miss)
827 silly packumentCache full:https://registry.npmjs.org/get-tsconfig set size:undefined disposed:false
828 http fetch GET 200 https://registry.npmjs.org/@oxc-transform%2fbinding-linux-x64-gnu 380ms (cache miss)
829 silly packumentCache full:https://registry.npmjs.org/@oxc-transform%2fbinding-linux-x64-gnu set size:undefined disposed:false
830 http fetch GET 200 https://registry.npmjs.org/fsevents 61ms (cache miss)
831 silly packumentCache full:https://registry.npmjs.org/fsevents set size:undefined disposed:false
832 http fetch GET 200 https://registry.npmjs.org/@oxc-transform%2fbinding-linux-ppc64-gnu 407ms (cache miss)
833 silly packumentCache full:https://registry.npmjs.org/@oxc-transform%2fbinding-linux-ppc64-gnu set size:undefined disposed:false
834 http fetch GET 200 https://registry.npmjs.org/@rolldown%2fbinding-linux-x64-musl 296ms (cache miss)
835 silly packumentCache full:https://registry.npmjs.org/@rolldown%2fbinding-linux-x64-musl set size:undefined disposed:false
836 http fetch GET 200 https://registry.npmjs.org/@rolldown%2fbinding-linux-arm64-musl 274ms (cache miss)
837 silly packumentCache full:https://registry.npmjs.org/@rolldown%2fbinding-linux-arm64-musl set size:undefined disposed:false
838 http fetch GET 200 https://registry.npmjs.org/@rolldown%2fbinding-linux-arm-gnueabihf 248ms (cache miss)
839 silly packumentCache full:https://registry.npmjs.org/@rolldown%2fbinding-linux-arm-gnueabihf set size:undefined disposed:false
840 silly placeDep ROOT async-retry@1.3.3 OK for: @vercel/blob@2.3.0 want: ^1.3.3
841 silly placeDep ROOT is-buffer@2.0.5 OK for: @vercel/blob@2.3.0 want: ^2.0.5
842 silly placeDep ROOT is-node-process@1.2.0 OK for: @vercel/blob@2.3.0 want: ^1.2.0
843 silly placeDep ROOT throttleit@2.1.0 OK for: @vercel/blob@2.3.0 want: ^2.1.0
844 silly placeDep ROOT undici@6.24.1 OK for: @vercel/blob@2.3.0 want: ^6.23.0
845 silly fetch manifest retry@0.13.1
846 silly packumentCache full:https://registry.npmjs.org/retry cache-miss
847 http fetch GET 200 https://registry.npmjs.org/retry 52ms (cache miss)
848 silly packumentCache full:https://registry.npmjs.org/retry set size:undefined disposed:false
849 silly placeDep ROOT @vercel/python-analysis@0.10.1 OK for: @vercel/build-utils@13.8.2 want: 0.10.1
850 silly fetch manifest js-yaml@4.1.1
851 silly packumentCache full:https://registry.npmjs.org/js-yaml cache-miss
852 silly fetch manifest fs-extra@11.1.1
853 silly packumentCache full:https://registry.npmjs.org/fs-extra cache-miss
854 silly fetch manifest minimatch@10.1.1
855 silly packumentCache full:https://registry.npmjs.org/minimatch cache-miss
856 silly fetch manifest smol-toml@1.5.2
857 silly packumentCache full:https://registry.npmjs.org/smol-toml cache-miss
858 silly fetch manifest @renovatebot/pep440@4.2.1
859 silly packumentCache full:https://registry.npmjs.org/@renovatebot%2fpep440 cache-miss
860 silly fetch manifest @bytecodealliance/preview2-shim@0.17.6
861 silly packumentCache full:https://registry.npmjs.org/@bytecodealliance%2fpreview2-shim cache-miss
862 http cache https://registry.npmjs.org/fs-extra 6ms (cache hit)
863 silly packumentCache full:https://registry.npmjs.org/fs-extra set size:232595 disposed:false
864 http fetch GET 200 https://registry.npmjs.org/js-yaml 48ms (cache miss)
865 silly packumentCache full:https://registry.npmjs.org/js-yaml set size:undefined disposed:false
866 http fetch GET 200 https://registry.npmjs.org/smol-toml 53ms (cache miss)
867 silly packumentCache full:https://registry.npmjs.org/smol-toml set size:undefined disposed:false
868 http fetch GET 200 https://registry.npmjs.org/minimatch 62ms (cache miss)
869 silly packumentCache full:https://registry.npmjs.org/minimatch set size:undefined disposed:false
870 http fetch GET 200 https://registry.npmjs.org/@renovatebot%2fpep440 99ms (cache miss)
871 silly packumentCache full:https://registry.npmjs.org/@renovatebot%2fpep440 set size:undefined disposed:false
872 http fetch GET 200 https://registry.npmjs.org/@bytecodealliance%2fpreview2-shim 292ms (cache miss)
873 silly packumentCache full:https://registry.npmjs.org/@bytecodealliance%2fpreview2-shim set size:undefined disposed:false
874 silly placeDep ROOT @vercel/static-config@3.2.0 OK for: @vercel/elysia@0.1.51 want: 3.2.0
875 silly fetch manifest ajv@8.6.3
876 silly packumentCache full:https://registry.npmjs.org/ajv cache-miss
877 silly fetch manifest json-schema-to-ts@1.6.4
878 silly packumentCache full:https://registry.npmjs.org/json-schema-to-ts cache-miss
879 http fetch GET 200 https://registry.npmjs.org/json-schema-to-ts 57ms (cache miss)
880 silly packumentCache full:https://registry.npmjs.org/json-schema-to-ts set size:undefined disposed:false
881 http fetch GET 200 https://registry.npmjs.org/ajv 63ms (cache miss)
882 silly packumentCache full:https://registry.npmjs.org/ajv set size:undefined disposed:false
883 silly placeDep ROOT @vercel/cervel@0.0.36 OK for: @vercel/express@0.1.61 want: 0.0.36
884 silly placeDep ROOT ts-morph@12.0.0 OK for: @vercel/express@0.1.61 want: 12.0.0
885 silly fetch manifest @ts-morph/common@~0.11.0
886 silly packumentCache full:https://registry.npmjs.org/@ts-morph%2fcommon cache-miss
887 silly fetch manifest code-block-writer@^10.1.1
888 silly packumentCache full:https://registry.npmjs.org/code-block-writer cache-miss
889 http fetch GET 200 https://registry.npmjs.org/@ts-morph%2fcommon 86ms (cache miss)
890 silly packumentCache full:https://registry.npmjs.org/@ts-morph%2fcommon set size:undefined disposed:false
891 http fetch GET 200 https://registry.npmjs.org/code-block-writer 146ms (cache miss)
892 silly packumentCache full:https://registry.npmjs.org/code-block-writer set size:undefined disposed:false
893 silly fetch manifest encoding@^0.1.0
894 silly packumentCache full:https://registry.npmjs.org/encoding cache-miss
895 http fetch GET 200 https://registry.npmjs.org/encoding 56ms (cache miss)
896 silly packumentCache full:https://registry.npmjs.org/encoding set size:undefined disposed:false
897 silly placeDep ROOT @tootallnate/once@2.0.0 OK for: @vercel/fun@1.3.0 want: 2.0.0
898 silly placeDep ROOT async-listen@1.2.0 OK for: @vercel/fun@1.3.0 want: 1.2.0
899 silly placeDep ROOT debug@4.3.4 OK for: @vercel/fun@1.3.0 want: 4.3.4
900 silly placeDep ROOT generic-pool@3.4.2 OK for: @vercel/fun@1.3.0 want: 3.4.2
901 silly placeDep ROOT micro@9.3.5-canary.3 OK for: @vercel/fun@1.3.0 want: 9.3.5-canary.3
902 silly placeDep ROOT ms@2.1.1 OK for: @vercel/fun@1.3.0 want: 2.1.1
903 silly placeDep ROOT node-fetch@2.6.7 OK for: @vercel/fun@1.3.0 want: 2.6.7
904 silly placeDep node_modules/@vercel/fun path-to-regexp@8.2.0 OK for: @vercel/fun@1.3.0 want: 8.2.0
905 silly placeDep ROOT promisepipe@3.0.0 OK for: @vercel/fun@1.3.0 want: 3.0.0
906 silly placeDep ROOT semver@7.5.4 OK for: @vercel/fun@1.3.0 want: 7.5.4
907 silly placeDep ROOT stat-mode@0.3.0 OK for: @vercel/fun@1.3.0 want: 0.3.0
908 silly placeDep ROOT stream-to-promise@2.2.0 OK for: @vercel/fun@1.3.0 want: 2.2.0
909 silly placeDep ROOT tar@7.5.7 OK for: @vercel/fun@1.3.0 want: 7.5.7
910 silly placeDep ROOT tinyexec@0.3.2 OK for: @vercel/fun@1.3.0 want: 0.3.2
911 silly placeDep ROOT tree-kill@1.2.2 OK for: @vercel/fun@1.3.0 want: 1.2.2
912 silly placeDep ROOT uid-promise@1.0.0 OK for: @vercel/fun@1.3.0 want: 1.0.0
913 silly placeDep ROOT xdg-app-paths@5.1.0 OK for: @vercel/fun@1.3.0 want: 5.1.0
914 silly placeDep ROOT yauzl-promise@2.1.3 OK for: @vercel/fun@1.3.0 want: 2.1.3
915 silly fetch manifest ms@2.1.2
916 silly packumentCache full:https://registry.npmjs.org/ms cache-miss
917 silly fetch manifest arg@4.1.0
918 silly packumentCache full:https://registry.npmjs.org/arg cache-miss
919 silly fetch manifest raw-body@2.4.1
920 silly packumentCache full:https://registry.npmjs.org/raw-body cache-miss
921 silly fetch manifest content-type@1.0.4
922 silly packumentCache full:https://registry.npmjs.org/content-type cache-miss
923 silly fetch manifest whatwg-url@^5.0.0
924 silly packumentCache full:https://registry.npmjs.org/whatwg-url cache-miss
925 silly fetch manifest lru-cache@^6.0.0
926 silly packumentCache full:https://registry.npmjs.org/lru-cache cache-miss
927 silly fetch manifest any-promise@~1.3.0
928 silly packumentCache full:https://registry.npmjs.org/any-promise cache-miss
929 silly fetch manifest end-of-stream@~1.1.0
930 silly packumentCache full:https://registry.npmjs.org/end-of-stream cache-miss
931 silly fetch manifest stream-to-array@~2.3.0
932 silly packumentCache full:https://registry.npmjs.org/stream-to-array cache-miss
933 silly fetch manifest chownr@^3.0.0
934 silly packumentCache full:https://registry.npmjs.org/chownr cache-miss
935 silly fetch manifest yallist@^5.0.0
936 silly packumentCache full:https://registry.npmjs.org/yallist cache-miss
937 http cache https://registry.npmjs.org/ms 10ms (cache hit)
938 silly packumentCache full:https://registry.npmjs.org/ms set size:92208 disposed:false
939 silly fetch manifest minipass@^7.1.2
940 silly packumentCache full:https://registry.npmjs.org/minipass cache-miss
941 http cache https://registry.npmjs.org/lru-cache 11ms (cache hit)
942 silly packumentCache full:https://registry.npmjs.org/lru-cache set size:416454 disposed:false
943 silly fetch manifest minizlib@^3.1.0
944 silly packumentCache full:https://registry.npmjs.org/minizlib cache-miss
945 http fetch GET 200 https://registry.npmjs.org/end-of-stream 56ms (cache miss)
946 silly packumentCache full:https://registry.npmjs.org/end-of-stream set size:undefined disposed:false
947 silly fetch manifest @isaacs/fs-minipass@^4.0.0
948 silly packumentCache full:https://registry.npmjs.org/@isaacs%2ffs-minipass cache-miss
949 http fetch GET 200 https://registry.npmjs.org/arg 60ms (cache miss)
950 silly packumentCache full:https://registry.npmjs.org/arg set size:undefined disposed:false
951 silly fetch manifest xdg-portable@^7.0.0
952 silly packumentCache full:https://registry.npmjs.org/xdg-portable cache-miss
953 http fetch GET 200 https://registry.npmjs.org/content-type 62ms (cache miss)
954 silly packumentCache full:https://registry.npmjs.org/content-type set size:undefined disposed:false
955 silly fetch manifest yauzl@^2.9.1
956 silly packumentCache full:https://registry.npmjs.org/yauzl cache-miss
957 http fetch GET 200 https://registry.npmjs.org/raw-body 65ms (cache miss)
958 silly packumentCache full:https://registry.npmjs.org/raw-body set size:undefined disposed:false
959 silly fetch manifest yauzl-clone@^1.0.4
960 silly packumentCache full:https://registry.npmjs.org/yauzl-clone cache-miss
961 http fetch GET 200 https://registry.npmjs.org/any-promise 67ms (cache miss)
962 silly packumentCache full:https://registry.npmjs.org/any-promise set size:undefined disposed:false
963 http fetch GET 200 https://registry.npmjs.org/chownr 66ms (cache miss)
964 silly packumentCache full:https://registry.npmjs.org/chownr set size:undefined disposed:false
965 http fetch GET 200 https://registry.npmjs.org/stream-to-array 68ms (cache miss)
966 silly packumentCache full:https://registry.npmjs.org/stream-to-array set size:undefined disposed:false
967 http fetch GET 200 https://registry.npmjs.org/yallist 69ms (cache miss)
968 silly packumentCache full:https://registry.npmjs.org/yallist set size:undefined disposed:false
969 http fetch GET 200 https://registry.npmjs.org/whatwg-url 74ms (cache miss)
970 silly packumentCache full:https://registry.npmjs.org/whatwg-url set size:undefined disposed:false
971 http fetch GET 200 https://registry.npmjs.org/minipass 67ms (cache miss)
972 silly packumentCache full:https://registry.npmjs.org/minipass set size:undefined disposed:false
973 http fetch GET 200 https://registry.npmjs.org/minizlib 66ms (cache miss)
974 silly packumentCache full:https://registry.npmjs.org/minizlib set size:undefined disposed:false
975 http fetch GET 200 https://registry.npmjs.org/xdg-portable 54ms (cache miss)
976 silly packumentCache full:https://registry.npmjs.org/xdg-portable set size:undefined disposed:false
977 http fetch GET 200 https://registry.npmjs.org/yauzl 62ms (cache miss)
978 silly packumentCache full:https://registry.npmjs.org/yauzl set size:undefined disposed:false
979 http fetch GET 200 https://registry.npmjs.org/@isaacs%2ffs-minipass 69ms (cache miss)
980 silly packumentCache full:https://registry.npmjs.org/@isaacs%2ffs-minipass set size:undefined disposed:false
981 http fetch GET 200 https://registry.npmjs.org/yauzl-clone 133ms (cache miss)
982 silly packumentCache full:https://registry.npmjs.org/yauzl-clone set size:undefined disposed:false
983 silly fetch manifest rollup@^1.20.0||^2.0.0||^3.0.0||^4.0.0
984 silly packumentCache full:https://registry.npmjs.org/rollup cache-miss
985 http fetch GET 200 https://registry.npmjs.org/rollup 104ms (cache miss)
986 silly packumentCache full:https://registry.npmjs.org/rollup set size:undefined disposed:false
987 silly placeDep ROOT @mapbox/node-pre-gyp@2.0.3 OK for: @vercel/nft@1.4.0 want: ^2.0.0
988 silly placeDep ROOT @rollup/pluginutils@5.3.0 OK for: @vercel/nft@1.4.0 want: ^5.1.3
989 silly placeDep ROOT acorn@8.16.0 OK for: @vercel/nft@1.4.0 want: ^8.6.0
990 silly placeDep ROOT acorn-import-attributes@1.9.5 OK for: @vercel/nft@1.4.0 want: ^1.9.5
991 silly placeDep ROOT async-sema@3.1.1 OK for: @vercel/nft@1.4.0 want: ^3.1.1
992 silly placeDep ROOT bindings@1.5.0 OK for: @vercel/nft@1.4.0 want: ^1.4.0
993 silly placeDep ROOT estree-walker@2.0.2 OK for: @vercel/nft@1.4.0 want: 2.0.2
994 silly placeDep ROOT glob@13.0.6 OK for: @vercel/nft@1.4.0 want: ^13.0.0
995 silly placeDep ROOT graceful-fs@4.2.11 OK for: @vercel/nft@1.4.0 want: ^4.2.9
996 silly placeDep ROOT node-gyp-build@4.8.4 OK for: @vercel/nft@1.4.0 want: ^4.2.2
997 silly placeDep ROOT picomatch@4.0.4 OK for: @vercel/nft@1.4.0 want: ^4.0.2
998 silly placeDep ROOT resolve-from@5.0.0 OK for: @vercel/nft@1.4.0 want: ^5.0.0
999 silly fetch manifest nopt@^8.0.0
1000 silly packumentCache full:https://registry.npmjs.org/nopt cache-miss
1001 silly fetch manifest consola@^3.2.3
1002 silly packumentCache full:https://registry.npmjs.org/consola cache-miss
1003 silly fetch manifest detect-libc@^2.0.0
1004 silly packumentCache full:https://registry.npmjs.org/detect-libc cache-miss
1005 silly fetch manifest https-proxy-agent@^7.0.5
1006 silly packumentCache full:https://registry.npmjs.org/https-proxy-agent cache-miss
1007 silly fetch manifest @types/estree@^1.0.0
1008 silly packumentCache full:https://registry.npmjs.org/@types%2festree cache-miss
1009 silly fetch manifest estree-walker@^2.0.2
1010 silly packumentCache full:https://registry.npmjs.org/estree-walker cache-miss
1011 silly fetch manifest file-uri-to-path@1.0.0
1012 silly packumentCache full:https://registry.npmjs.org/file-uri-to-path cache-miss
1013 silly fetch manifest minimatch@^10.2.2
1014 silly packumentCache full:https://registry.npmjs.org/minimatch cache-miss
1015 silly fetch manifest minipass@^7.1.3
1016 silly packumentCache full:https://registry.npmjs.org/minipass cache-miss
1017 silly fetch manifest path-scurry@^2.0.2
1018 silly packumentCache full:https://registry.npmjs.org/path-scurry cache-miss
1019 http cache https://registry.npmjs.org/estree-walker 11ms (cache hit)
1020 silly packumentCache full:https://registry.npmjs.org/estree-walker set size:60887 disposed:false
1021 http cache https://registry.npmjs.org/https-proxy-agent 13ms (cache hit)
1022 silly packumentCache full:https://registry.npmjs.org/https-proxy-agent set size:78754 disposed:false
1023 http cache https://registry.npmjs.org/minimatch 18ms (cache hit)
1024 silly packumentCache full:https://registry.npmjs.org/minimatch set size:352359 disposed:false
1025 http cache https://registry.npmjs.org/minipass 21ms (cache hit)
1026 silly packumentCache full:https://registry.npmjs.org/minipass set size:276925 disposed:false
1027 http fetch GET 200 https://registry.npmjs.org/file-uri-to-path 53ms (cache miss)
1028 silly packumentCache full:https://registry.npmjs.org/file-uri-to-path set size:undefined disposed:false
1029 http fetch GET 200 https://registry.npmjs.org/detect-libc 55ms (cache miss)
1030 silly packumentCache full:https://registry.npmjs.org/detect-libc set size:undefined disposed:false
1031 http fetch GET 200 https://registry.npmjs.org/nopt 57ms (cache miss)
1032 silly packumentCache full:https://registry.npmjs.org/nopt set size:undefined disposed:false
1033 http fetch GET 200 https://registry.npmjs.org/consola 59ms (cache miss)
1034 silly packumentCache full:https://registry.npmjs.org/consola set size:undefined disposed:false
1035 http fetch GET 200 https://registry.npmjs.org/@types%2festree 71ms (cache miss)
1036 silly packumentCache full:https://registry.npmjs.org/@types%2festree set size:undefined disposed:false
1037 http fetch GET 200 https://registry.npmjs.org/path-scurry 77ms (cache miss)
1038 silly packumentCache full:https://registry.npmjs.org/path-scurry set size:undefined disposed:false
1039 silly placeDep ROOT consola@3.4.2 OK for: @mapbox/node-pre-gyp@2.0.3 want: ^3.2.3
1040 silly placeDep ROOT detect-libc@2.1.2 OK for: @mapbox/node-pre-gyp@2.0.3 want: ^2.0.0
1041 silly placeDep ROOT https-proxy-agent@7.0.6 OK for: @mapbox/node-pre-gyp@2.0.3 want: ^7.0.5
1042 silly placeDep ROOT nopt@8.1.0 OK for: @mapbox/node-pre-gyp@2.0.3 want: ^8.0.0
1043 silly fetch manifest agent-base@^7.1.2
1044 silly packumentCache full:https://registry.npmjs.org/agent-base cache-miss
1045 silly fetch manifest abbrev@^3.0.0
1046 silly packumentCache full:https://registry.npmjs.org/abbrev cache-miss
1047 http cache https://registry.npmjs.org/agent-base 4ms (cache hit)
1048 silly packumentCache full:https://registry.npmjs.org/agent-base set size:69775 disposed:false
1049 http fetch GET 200 https://registry.npmjs.org/abbrev 50ms (cache miss)
1050 silly packumentCache full:https://registry.npmjs.org/abbrev set size:undefined disposed:false
1051 silly placeDep ROOT @types/estree@1.0.8 OK for: @rollup/pluginutils@5.3.0 want: ^1.0.0
1052 silly placeDep ROOT @edge-runtime/node-utils@2.3.0 OK for: @vercel/node@5.6.18 want: 2.3.0
1053 silly placeDep ROOT @edge-runtime/primitives@4.1.0 OK for: @vercel/node@5.6.18 want: 4.1.0
1054 silly placeDep ROOT @edge-runtime/vm@3.2.0 OK for: @vercel/node@5.6.18 want: 3.2.0
1055 silly placeDep ROOT @types/node@20.11.0 OK for: @vercel/node@5.6.18 want: 20.11.0
1056 silly placeDep ROOT @vercel/error-utils@2.0.3 OK for: @vercel/node@5.6.18 want: 2.0.3
1057 silly placeDep node_modules/@vercel/node async-listen@3.0.0 OK for: @vercel/node@5.6.18 want: 3.0.0
1058 silly placeDep ROOT cjs-module-lexer@1.2.3 OK for: @vercel/node@5.6.18 want: 1.2.3
1059 silly placeDep ROOT edge-runtime@2.5.9 OK for: @vercel/node@5.6.18 want: 2.5.9
1060 silly placeDep ROOT es-module-lexer@1.4.1 OK for: @vercel/node@5.6.18 want: 1.4.1
1061 silly placeDep ROOT etag@1.8.1 OK for: @vercel/node@5.6.18 want: 1.8.1
1062 silly placeDep ROOT mime-types@2.1.35 OK for: @vercel/node@5.6.18 want: 2.1.35
1063 silly placeDep node_modules/@vercel/node node-fetch@2.6.9 OK for: @vercel/node@5.6.18 want: 2.6.9
1064 silly placeDep node_modules/@vercel/node path-to-regexp@6.1.0 OK for: @vercel/node@5.6.18 want: 6.1.0
1065 silly placeDep ROOT path-to-regexp-updated@6.3.0 OK for: @vercel/node@5.6.18 want: npm:path-to-regexp@6.3.0
1066 silly placeDep node_modules/@vercel/node undici@5.28.4 OK for: @vercel/node@5.6.18 want: 5.28.4
1067 silly fetch manifest undici-types@~5.26.4
1068 silly packumentCache full:https://registry.npmjs.org/undici-types cache-miss
1069 silly fetch manifest mri@1.2.0
1070 silly packumentCache full:https://registry.npmjs.org/mri cache-miss
1071 silly fetch manifest pretty-ms@7.0.1
1072 silly packumentCache full:https://registry.npmjs.org/pretty-ms cache-miss
1073 silly fetch manifest time-span@4.0.0
1074 silly packumentCache full:https://registry.npmjs.org/time-span cache-miss
1075 silly fetch manifest picocolors@1.0.0
1076 silly packumentCache full:https://registry.npmjs.org/picocolors cache-miss
1077 silly fetch manifest signal-exit@4.0.2
1078 silly packumentCache full:https://registry.npmjs.org/signal-exit cache-miss
1079 silly fetch manifest async-listen@3.0.1
1080 silly packumentCache full:https://registry.npmjs.org/async-listen cache-hit
1081 silly fetch manifest @edge-runtime/format@2.2.1
1082 silly packumentCache full:https://registry.npmjs.org/@edge-runtime%2fformat cache-miss
1083 silly fetch manifest @edge-runtime/ponyfill@2.4.2
1084 silly packumentCache full:https://registry.npmjs.org/@edge-runtime%2fponyfill cache-miss
1085 silly fetch manifest mime-db@1.52.0
1086 silly packumentCache full:https://registry.npmjs.org/mime-db cache-miss
1087 silly fetch manifest @fastify/busboy@^2.0.0
1088 silly packumentCache full:https://registry.npmjs.org/@fastify%2fbusboy cache-miss
1089 http cache https://registry.npmjs.org/signal-exit 8ms (cache hit)
1090 silly packumentCache full:https://registry.npmjs.org/signal-exit set size:53489 disposed:false
1091 http fetch GET 200 https://registry.npmjs.org/picocolors 55ms (cache miss)
1092 silly packumentCache full:https://registry.npmjs.org/picocolors set size:undefined disposed:false
1093 http fetch GET 200 https://registry.npmjs.org/undici-types 57ms (cache miss)
1094 silly packumentCache full:https://registry.npmjs.org/undici-types set size:undefined disposed:false
1095 http fetch GET 200 https://registry.npmjs.org/pretty-ms 57ms (cache miss)
1096 silly packumentCache full:https://registry.npmjs.org/pretty-ms set size:undefined disposed:false
1097 http fetch GET 200 https://registry.npmjs.org/mri 63ms (cache miss)
1098 silly packumentCache full:https://registry.npmjs.org/mri set size:undefined disposed:false
1099 http fetch GET 200 https://registry.npmjs.org/mime-db 62ms (cache miss)
1100 silly packumentCache full:https://registry.npmjs.org/mime-db set size:undefined disposed:false
1101 http fetch GET 200 https://registry.npmjs.org/@fastify%2fbusboy 90ms (cache miss)
1102 silly packumentCache full:https://registry.npmjs.org/@fastify%2fbusboy set size:undefined disposed:false
1103 http fetch GET 200 https://registry.npmjs.org/@edge-runtime%2fformat 106ms (cache miss)
1104 silly packumentCache full:https://registry.npmjs.org/@edge-runtime%2fformat set size:undefined disposed:false
1105 http fetch GET 200 https://registry.npmjs.org/@edge-runtime%2fponyfill 107ms (cache miss)
1106 silly packumentCache full:https://registry.npmjs.org/@edge-runtime%2fponyfill set size:undefined disposed:false
1107 http fetch GET 200 https://registry.npmjs.org/time-span 253ms (cache miss)
1108 silly packumentCache full:https://registry.npmjs.org/time-span set size:undefined disposed:false
1109 silly placeDep ROOT undici-types@5.26.5 OK for: @types/node@20.11.0 want: ~5.26.4
1110 silly placeDep ROOT @bytecodealliance/preview2-shim@0.17.6 OK for: @vercel/python-analysis@0.10.1 want: 0.17.6
1111 silly placeDep ROOT @renovatebot/pep440@4.2.1 OK for: @vercel/python-analysis@0.10.1 want: 4.2.1
1112 silly placeDep node_modules/@vercel/python-analysis fs-extra@11.1.1 OK for: @vercel/python-analysis@0.10.1 want: 11.1.1
1113 silly placeDep ROOT js-yaml@4.1.1 OK for: @vercel/python-analysis@0.10.1 want: 4.1.1
1114 silly placeDep ROOT minimatch@10.1.1 OK for: @vercel/python-analysis@0.10.1 want: 10.1.1
1115 silly placeDep ROOT smol-toml@1.5.2 OK for: @vercel/python-analysis@0.10.1 want: 1.5.2
1116 silly fetch manifest argparse@^2.0.1
1117 silly packumentCache full:https://registry.npmjs.org/argparse cache-miss
1118 silly fetch manifest @isaacs/brace-expansion@^5.0.0
1119 silly packumentCache full:https://registry.npmjs.org/@isaacs%2fbrace-expansion cache-miss
1120 http fetch GET 200 https://registry.npmjs.org/@isaacs%2fbrace-expansion 66ms (cache miss)
1121 silly packumentCache full:https://registry.npmjs.org/@isaacs%2fbrace-expansion set size:undefined disposed:false
1122 http fetch GET 200 https://registry.npmjs.org/argparse 79ms (cache miss)
1123 silly packumentCache full:https://registry.npmjs.org/argparse set size:undefined disposed:false
1124 silly placeDep node_modules/@vercel/redwood semver@6.3.1 OK for: @vercel/redwood@2.4.11 want: 6.3.1
1125 silly placeDep node_modules/@vercel/remix-builder path-to-regexp@6.1.0 OK for: @vercel/remix-builder@5.7.1 want: 6.1.0
1126 silly placeDep ROOT @iarna/toml@2.2.5 OK for: @vercel/rust@1.0.5 want: ^2.2.5
1127 silly placeDep node_modules/@vercel/rust execa@5.1.1 OK for: @vercel/rust@1.0.5 want: 5
1128 silly fetch manifest onetime@^5.1.2
1129 silly packumentCache full:https://registry.npmjs.org/onetime cache-miss
1130 silly fetch manifest get-stream@^6.0.0
1131 silly packumentCache full:https://registry.npmjs.org/get-stream cache-miss
1132 silly fetch manifest cross-spawn@^7.0.3
1133 silly packumentCache full:https://registry.npmjs.org/cross-spawn cache-miss
1134 silly fetch manifest signal-exit@^3.0.3
1135 silly packumentCache full:https://registry.npmjs.org/signal-exit cache-hit
1136 silly fetch manifest npm-run-path@^4.0.1
1137 silly packumentCache full:https://registry.npmjs.org/npm-run-path cache-miss
1138 silly fetch manifest human-signals@^2.1.0
1139 silly packumentCache full:https://registry.npmjs.org/human-signals cache-miss
1140 http cache https://registry.npmjs.org/human-signals 8ms (cache hit)
1141 silly packumentCache full:https://registry.npmjs.org/human-signals set size:47322 disposed:false
1142 http cache https://registry.npmjs.org/onetime 10ms (cache hit)
1143 silly packumentCache full:https://registry.npmjs.org/onetime set size:32314 disposed:false
1144 http cache https://registry.npmjs.org/get-stream 11ms (cache hit)
1145 silly packumentCache full:https://registry.npmjs.org/get-stream set size:57536 disposed:false
1146 http cache https://registry.npmjs.org/cross-spawn 12ms (cache hit)
1147 silly packumentCache full:https://registry.npmjs.org/cross-spawn set size:109066 disposed:false
1148 http cache https://registry.npmjs.org/npm-run-path 12ms (cache hit)
1149 silly packumentCache full:https://registry.npmjs.org/npm-run-path set size:33596 disposed:false
1150 silly placeDep ROOT @vercel/gatsby-plugin-vercel-analytics@1.0.11 OK for: @vercel/static-build@2.9.2 want: 1.0.11
1151 silly placeDep ROOT @vercel/gatsby-plugin-vercel-builder@2.1.2 OK for: @vercel/static-build@2.9.2 want: 2.1.2
1152 silly fetch manifest web-vitals@0.2.4
1153 silly packumentCache full:https://registry.npmjs.org/web-vitals cache-miss
1154 silly fetch manifest @sinclair/typebox@0.25.24
1155 silly packumentCache full:https://registry.npmjs.org/@sinclair%2ftypebox cache-miss
1156 http fetch GET 200 https://registry.npmjs.org/web-vitals 54ms (cache miss)
1157 silly packumentCache full:https://registry.npmjs.org/web-vitals set size:undefined disposed:false
1158 http fetch GET 200 https://registry.npmjs.org/@sinclair%2ftypebox 68ms (cache miss)
1159 silly packumentCache full:https://registry.npmjs.org/@sinclair%2ftypebox set size:undefined disposed:false
1160 silly placeDep ROOT web-vitals@0.2.4 OK for: @vercel/gatsby-plugin-vercel-analytics@1.0.11 want: 0.2.4
1161 silly placeDep ROOT @sinclair/typebox@0.25.24 OK for: @vercel/gatsby-plugin-vercel-builder@2.1.2 want: 0.25.24
1162 silly placeDep ROOT ajv@8.6.3 OK for: @vercel/static-config@3.2.0 want: 8.6.3
1163 silly placeDep ROOT json-schema-to-ts@1.6.4 OK for: @vercel/static-config@3.2.0 want: 1.6.4
1164 silly fetch manifest uri-js@^4.2.2
1165 silly packumentCache full:https://registry.npmjs.org/uri-js cache-miss
1166 silly fetch manifest fast-deep-equal@^3.1.1
1167 silly packumentCache full:https://registry.npmjs.org/fast-deep-equal cache-miss
1168 silly fetch manifest require-from-string@^2.0.2
1169 silly packumentCache full:https://registry.npmjs.org/require-from-string cache-miss
1170 silly fetch manifest json-schema-traverse@^1.0.0
1171 silly packumentCache full:https://registry.npmjs.org/json-schema-traverse cache-miss
1172 silly fetch manifest ts-toolbelt@^6.15.5
1173 silly packumentCache full:https://registry.npmjs.org/ts-toolbelt cache-miss
1174 silly fetch manifest @types/json-schema@^7.0.6
1175 silly packumentCache full:https://registry.npmjs.org/@types%2fjson-schema cache-miss
1176 http fetch GET 200 https://registry.npmjs.org/uri-js 50ms (cache miss)
1177 silly packumentCache full:https://registry.npmjs.org/uri-js set size:undefined disposed:false
1178 http fetch GET 200 https://registry.npmjs.org/fast-deep-equal 51ms (cache miss)
1179 silly packumentCache full:https://registry.npmjs.org/fast-deep-equal set size:undefined disposed:false
1180 http fetch GET 200 https://registry.npmjs.org/require-from-string 58ms (cache miss)
1181 silly packumentCache full:https://registry.npmjs.org/require-from-string set size:undefined disposed:false
1182 http fetch GET 200 https://registry.npmjs.org/json-schema-traverse 59ms (cache miss)
1183 silly packumentCache full:https://registry.npmjs.org/json-schema-traverse set size:undefined disposed:false
1184 http fetch GET 200 https://registry.npmjs.org/@types%2fjson-schema 61ms (cache miss)
1185 silly packumentCache full:https://registry.npmjs.org/@types%2fjson-schema set size:undefined disposed:false
1186 http fetch GET 200 https://registry.npmjs.org/ts-toolbelt 138ms (cache miss)
1187 silly packumentCache full:https://registry.npmjs.org/ts-toolbelt set size:undefined disposed:false
1188 silly placeDep ROOT fast-deep-equal@3.1.3 OK for: ajv@8.6.3 want: ^3.1.1
1189 silly placeDep ROOT json-schema-traverse@1.0.0 OK for: ajv@8.6.3 want: ^1.0.0
1190 silly placeDep ROOT require-from-string@2.0.2 OK for: ajv@8.6.3 want: ^2.0.2
1191 silly placeDep ROOT uri-js@4.4.1 OK for: ajv@8.6.3 want: ^4.2.2
1192 silly fetch manifest punycode@^2.1.0
1193 silly packumentCache full:https://registry.npmjs.org/punycode cache-miss
1194 http fetch GET 200 https://registry.npmjs.org/punycode 60ms (cache miss)
1195 silly packumentCache full:https://registry.npmjs.org/punycode set size:undefined disposed:false
1196 silly placeDep ROOT retry@0.13.1 OK for: async-retry@1.3.3 want: 0.13.1
1197 silly placeDep ROOT file-uri-to-path@1.0.0 OK for: bindings@1.5.0 want: 1.0.0
1198 silly placeDep ROOT readdirp@4.1.2 OK for: chokidar@4.0.0 want: ^4.0.1
1199 silly placeDep node_modules/debug ms@2.1.2 OK for: debug@4.3.4 want: 2.1.2
1200 silly placeDep ROOT @edge-runtime/format@2.2.1 OK for: edge-runtime@2.5.9 want: 2.2.1
1201 silly placeDep ROOT @edge-runtime/ponyfill@2.4.2 OK for: edge-runtime@2.5.9 want: 2.4.2
1202 silly placeDep node_modules/edge-runtime async-listen@3.0.1 OK for: edge-runtime@2.5.9 want: 3.0.1
1203 silly placeDep ROOT mri@1.2.0 OK for: edge-runtime@2.5.9 want: 1.2.0
1204 silly placeDep ROOT picocolors@1.0.0 OK for: edge-runtime@2.5.9 want: 1.0.0
1205 silly placeDep ROOT pretty-ms@7.0.1 OK for: edge-runtime@2.5.9 want: 7.0.1
1206 silly placeDep ROOT signal-exit@4.0.2 OK for: edge-runtime@2.5.9 want: 4.0.2
1207 silly placeDep ROOT time-span@4.0.0 OK for: edge-runtime@2.5.9 want: 4.0.0
1208 silly fetch manifest parse-ms@^2.1.0
1209 silly packumentCache full:https://registry.npmjs.org/parse-ms cache-miss
1210 silly fetch manifest convert-hrtime@^3.0.0
1211 silly packumentCache full:https://registry.npmjs.org/convert-hrtime cache-miss
1212 http fetch GET 200 https://registry.npmjs.org/parse-ms 42ms (cache miss)
1213 silly packumentCache full:https://registry.npmjs.org/parse-ms set size:undefined disposed:false
1214 http fetch GET 200 https://registry.npmjs.org/convert-hrtime 57ms (cache miss)
1215 silly packumentCache full:https://registry.npmjs.org/convert-hrtime set size:undefined disposed:false
1216 silly placeDep ROOT @esbuild/aix-ppc64@0.27.0 OK for: esbuild@0.27.0 want: 0.27.0
1217 silly placeDep ROOT @esbuild/android-arm@0.27.0 OK for: esbuild@0.27.0 want: 0.27.0
1218 silly placeDep ROOT @esbuild/android-arm64@0.27.0 OK for: esbuild@0.27.0 want: 0.27.0
1219 silly placeDep ROOT @esbuild/android-x64@0.27.0 OK for: esbuild@0.27.0 want: 0.27.0
1220 silly placeDep ROOT @esbuild/darwin-arm64@0.27.0 OK for: esbuild@0.27.0 want: 0.27.0
1221 silly placeDep ROOT @esbuild/darwin-x64@0.27.0 OK for: esbuild@0.27.0 want: 0.27.0
1222 silly placeDep ROOT @esbuild/freebsd-arm64@0.27.0 OK for: esbuild@0.27.0 want: 0.27.0
1223 silly placeDep ROOT @esbuild/freebsd-x64@0.27.0 OK for: esbuild@0.27.0 want: 0.27.0
1224 silly placeDep ROOT @esbuild/linux-arm@0.27.0 OK for: esbuild@0.27.0 want: 0.27.0
1225 silly placeDep ROOT @esbuild/linux-arm64@0.27.0 OK for: esbuild@0.27.0 want: 0.27.0
1226 silly placeDep ROOT @esbuild/linux-ia32@0.27.0 OK for: esbuild@0.27.0 want: 0.27.0
1227 silly placeDep ROOT @esbuild/linux-loong64@0.27.0 OK for: esbuild@0.27.0 want: 0.27.0
1228 silly placeDep ROOT @esbuild/linux-mips64el@0.27.0 OK for: esbuild@0.27.0 want: 0.27.0
1229 silly placeDep ROOT @esbuild/linux-ppc64@0.27.0 OK for: esbuild@0.27.0 want: 0.27.0
1230 silly placeDep ROOT @esbuild/linux-riscv64@0.27.0 OK for: esbuild@0.27.0 want: 0.27.0
1231 silly placeDep ROOT @esbuild/linux-s390x@0.27.0 OK for: esbuild@0.27.0 want: 0.27.0
1232 silly placeDep ROOT @esbuild/linux-x64@0.27.0 OK for: esbuild@0.27.0 want: 0.27.0
1233 silly placeDep ROOT @esbuild/netbsd-arm64@0.27.0 OK for: esbuild@0.27.0 want: 0.27.0
1234 silly placeDep ROOT @esbuild/netbsd-x64@0.27.0 OK for: esbuild@0.27.0 want: 0.27.0
1235 silly placeDep ROOT @esbuild/openbsd-arm64@0.27.0 OK for: esbuild@0.27.0 want: 0.27.0
1236 silly placeDep ROOT @esbuild/openbsd-x64@0.27.0 OK for: esbuild@0.27.0 want: 0.27.0
1237 silly placeDep ROOT @esbuild/openharmony-arm64@0.27.0 OK for: esbuild@0.27.0 want: 0.27.0
1238 silly placeDep ROOT @esbuild/sunos-x64@0.27.0 OK for: esbuild@0.27.0 want: 0.27.0
1239 silly placeDep ROOT @esbuild/win32-arm64@0.27.0 OK for: esbuild@0.27.0 want: 0.27.0
1240 silly placeDep ROOT @esbuild/win32-ia32@0.27.0 OK for: esbuild@0.27.0 want: 0.27.0
1241 silly placeDep ROOT @esbuild/win32-x64@0.27.0 OK for: esbuild@0.27.0 want: 0.27.0
1242 silly placeDep ROOT cross-spawn@7.0.6 OK for: execa@3.2.0 want: ^7.0.0
1243 silly placeDep ROOT get-stream@5.2.0 OK for: execa@3.2.0 want: ^5.0.0
1244 silly placeDep ROOT human-signals@1.1.1 OK for: execa@3.2.0 want: ^1.1.1
1245 silly placeDep ROOT is-stream@2.0.1 OK for: execa@3.2.0 want: ^2.0.0
1246 silly placeDep ROOT merge-stream@2.0.0 OK for: execa@3.2.0 want: ^2.0.0
1247 silly placeDep ROOT npm-run-path@4.0.1 OK for: execa@3.2.0 want: ^4.0.0
1248 silly placeDep ROOT onetime@5.1.2 OK for: execa@3.2.0 want: ^5.1.0
1249 silly placeDep ROOT p-finally@2.0.1 OK for: execa@3.2.0 want: ^2.0.0
1250 silly placeDep node_modules/execa signal-exit@3.0.7 OK for: execa@3.2.0 want: ^3.0.2
1251 silly placeDep ROOT strip-final-newline@2.0.0 OK for: execa@3.2.0 want: ^2.0.0
1252 silly fetch manifest which@^2.0.1
1253 silly packumentCache full:https://registry.npmjs.org/which cache-miss
1254 silly fetch manifest path-key@^3.1.0
1255 silly packumentCache full:https://registry.npmjs.org/path-key cache-miss
1256 silly fetch manifest shebang-command@^2.0.0
1257 silly packumentCache full:https://registry.npmjs.org/shebang-command cache-miss
1258 silly fetch manifest pump@^3.0.0
1259 silly packumentCache full:https://registry.npmjs.org/pump cache-miss
1260 silly fetch manifest path-key@^3.0.0
1261 silly packumentCache full:https://registry.npmjs.org/path-key cache-miss
1262 silly fetch manifest mimic-fn@^2.1.0
1263 silly packumentCache full:https://registry.npmjs.org/mimic-fn cache-miss
1264 http fetch GET 200 https://registry.npmjs.org/which 47ms (cache miss)
1265 silly packumentCache full:https://registry.npmjs.org/which set size:undefined disposed:false
1266 http fetch GET 200 https://registry.npmjs.org/path-key 51ms (cache miss)
1267 silly packumentCache full:https://registry.npmjs.org/path-key set size:undefined disposed:false
1268 http fetch GET 200 https://registry.npmjs.org/path-key 52ms (cache miss)
1269 silly packumentCache full:https://registry.npmjs.org/path-key set size:undefined disposed:false
1270 http fetch GET 200 https://registry.npmjs.org/pump 53ms (cache miss)
1271 silly packumentCache full:https://registry.npmjs.org/pump set size:undefined disposed:false
1272 http fetch GET 200 https://registry.npmjs.org/shebang-command 55ms (cache miss)
1273 silly packumentCache full:https://registry.npmjs.org/shebang-command set size:undefined disposed:false
1274 http fetch GET 200 https://registry.npmjs.org/mimic-fn 56ms (cache miss)
1275 silly packumentCache full:https://registry.npmjs.org/mimic-fn set size:undefined disposed:false
1276 silly placeDep ROOT path-key@3.1.1 OK for: cross-spawn@7.0.6 want: ^3.1.0
1277 silly placeDep ROOT shebang-command@2.0.0 OK for: cross-spawn@7.0.6 want: ^2.0.0
1278 silly placeDep ROOT which@2.0.2 OK for: cross-spawn@7.0.6 want: ^2.0.1
1279 silly fetch manifest shebang-regex@^3.0.0
1280 silly packumentCache full:https://registry.npmjs.org/shebang-regex cache-miss
1281 silly fetch manifest isexe@^2.0.0
1282 silly packumentCache full:https://registry.npmjs.org/isexe cache-miss
1283 http fetch GET 200 https://registry.npmjs.org/shebang-regex 50ms (cache miss)
1284 silly packumentCache full:https://registry.npmjs.org/shebang-regex set size:undefined disposed:false
1285 http fetch GET 200 https://registry.npmjs.org/isexe 58ms (cache miss)
1286 silly packumentCache full:https://registry.npmjs.org/isexe set size:undefined disposed:false
1287 silly placeDep ROOT asynckit@0.4.0 OK for: form-data@4.0.5 want: ^0.4.0
1288 silly placeDep ROOT combined-stream@1.0.8 OK for: form-data@4.0.5 want: ^1.0.8
1289 silly placeDep ROOT es-set-tostringtag@2.1.0 OK for: form-data@4.0.5 want: ^2.1.0
1290 silly placeDep ROOT hasown@2.0.2 OK for: form-data@4.0.5 want: ^2.0.2
1291 silly fetch manifest delayed-stream@~1.0.0
1292 silly packumentCache full:https://registry.npmjs.org/delayed-stream cache-miss
1293 silly fetch manifest es-errors@^1.3.0
1294 silly packumentCache full:https://registry.npmjs.org/es-errors cache-miss
1295 silly fetch manifest get-intrinsic@^1.2.6
1296 silly packumentCache full:https://registry.npmjs.org/get-intrinsic cache-miss
1297 silly fetch manifest has-tostringtag@^1.0.2
1298 silly packumentCache full:https://registry.npmjs.org/has-tostringtag cache-miss
1299 silly fetch manifest function-bind@^1.1.2
1300 silly packumentCache full:https://registry.npmjs.org/function-bind cache-miss
1301 http fetch GET 200 https://registry.npmjs.org/has-tostringtag 52ms (cache miss)
1302 silly packumentCache full:https://registry.npmjs.org/has-tostringtag set size:undefined disposed:false
1303 http fetch GET 200 https://registry.npmjs.org/delayed-stream 53ms (cache miss)
1304 silly packumentCache full:https://registry.npmjs.org/delayed-stream set size:undefined disposed:false
1305 http fetch GET 200 https://registry.npmjs.org/es-errors 53ms (cache miss)
1306 silly packumentCache full:https://registry.npmjs.org/es-errors set size:undefined disposed:false
1307 http fetch GET 200 https://registry.npmjs.org/function-bind 54ms (cache miss)
1308 silly packumentCache full:https://registry.npmjs.org/function-bind set size:undefined disposed:false
1309 http fetch GET 200 https://registry.npmjs.org/get-intrinsic 61ms (cache miss)
1310 silly packumentCache full:https://registry.npmjs.org/get-intrinsic set size:undefined disposed:false
1311 silly placeDep ROOT delayed-stream@1.0.0 OK for: combined-stream@1.0.8 want: ~1.0.0
1312 silly placeDep ROOT es-errors@1.3.0 OK for: es-set-tostringtag@2.1.0 want: ^1.3.0
1313 silly placeDep ROOT get-intrinsic@1.3.0 OK for: es-set-tostringtag@2.1.0 want: ^1.2.6
1314 silly placeDep ROOT has-tostringtag@1.0.2 OK for: es-set-tostringtag@2.1.0 want: ^1.0.2
1315 silly fetch manifest gopd@^1.2.0
1316 silly packumentCache full:https://registry.npmjs.org/gopd cache-miss
1317 silly fetch manifest get-proto@^1.0.1
1318 silly packumentCache full:https://registry.npmjs.org/get-proto cache-miss
1319 silly fetch manifest has-symbols@^1.1.0
1320 silly packumentCache full:https://registry.npmjs.org/has-symbols cache-miss
1321 silly fetch manifest es-object-atoms@^1.1.1
1322 silly packumentCache full:https://registry.npmjs.org/es-object-atoms cache-miss
1323 silly fetch manifest math-intrinsics@^1.1.0
1324 silly packumentCache full:https://registry.npmjs.org/math-intrinsics cache-miss
1325 silly fetch manifest es-define-property@^1.0.1
1326 silly packumentCache full:https://registry.npmjs.org/es-define-property cache-miss
1327 silly fetch manifest call-bind-apply-helpers@^1.0.2
1328 silly packumentCache full:https://registry.npmjs.org/call-bind-apply-helpers cache-miss
1329 silly fetch manifest has-symbols@^1.0.3
1330 silly packumentCache full:https://registry.npmjs.org/has-symbols cache-miss
1331 http fetch GET 200 https://registry.npmjs.org/has-symbols 50ms (cache miss)
1332 silly packumentCache full:https://registry.npmjs.org/has-symbols set size:undefined disposed:false
1333 http fetch GET 200 https://registry.npmjs.org/es-define-property 55ms (cache miss)
1334 silly packumentCache full:https://registry.npmjs.org/es-define-property set size:undefined disposed:false
1335 http fetch GET 200 https://registry.npmjs.org/has-symbols 57ms (cache miss)
1336 silly packumentCache full:https://registry.npmjs.org/has-symbols set size:undefined disposed:false
1337 http fetch GET 200 https://registry.npmjs.org/get-proto 59ms (cache miss)
1338 silly packumentCache full:https://registry.npmjs.org/get-proto set size:undefined disposed:false
1339 http fetch GET 200 https://registry.npmjs.org/call-bind-apply-helpers 61ms (cache miss)
1340 silly packumentCache full:https://registry.npmjs.org/call-bind-apply-helpers set size:undefined disposed:false
1341 http fetch GET 200 https://registry.npmjs.org/es-object-atoms 61ms (cache miss)
1342 silly packumentCache full:https://registry.npmjs.org/es-object-atoms set size:undefined disposed:false
1343 http fetch GET 200 https://registry.npmjs.org/math-intrinsics 63ms (cache miss)
1344 silly packumentCache full:https://registry.npmjs.org/math-intrinsics set size:undefined disposed:false
1345 http fetch GET 200 https://registry.npmjs.org/gopd 65ms (cache miss)
1346 silly packumentCache full:https://registry.npmjs.org/gopd set size:undefined disposed:false
1347 silly placeDep ROOT jsonfile@6.2.0 OK for: fs-extra@11.1.0 want: ^6.0.1
1348 silly placeDep ROOT universalify@2.0.1 OK for: fs-extra@11.1.0 want: ^2.0.0
1349 silly placeDep ROOT call-bind-apply-helpers@1.0.2 OK for: get-intrinsic@1.3.0 want: ^1.0.2
1350 silly placeDep ROOT es-define-property@1.0.1 OK for: get-intrinsic@1.3.0 want: ^1.0.1
1351 silly placeDep ROOT es-object-atoms@1.1.1 OK for: get-intrinsic@1.3.0 want: ^1.1.1
1352 silly placeDep ROOT function-bind@1.1.2 OK for: get-intrinsic@1.3.0 want: ^1.1.2
1353 silly placeDep ROOT get-proto@1.0.1 OK for: get-intrinsic@1.3.0 want: ^1.0.1
1354 silly placeDep ROOT gopd@1.2.0 OK for: get-intrinsic@1.3.0 want: ^1.2.0
1355 silly placeDep ROOT has-symbols@1.1.0 OK for: get-intrinsic@1.3.0 want: ^1.1.0
1356 silly placeDep ROOT math-intrinsics@1.1.0 OK for: get-intrinsic@1.3.0 want: ^1.1.0
1357 silly fetch manifest dunder-proto@^1.0.1
1358 silly packumentCache full:https://registry.npmjs.org/dunder-proto cache-miss
1359 http fetch GET 200 https://registry.npmjs.org/dunder-proto 45ms (cache miss)
1360 silly packumentCache full:https://registry.npmjs.org/dunder-proto set size:undefined disposed:false
1361 silly placeDep ROOT dunder-proto@1.0.1 OK for: get-proto@1.0.1 want: ^1.0.1
1362 silly placeDep ROOT pump@3.0.4 OK for: get-stream@5.2.0 want: ^3.0.0
1363 silly fetch manifest end-of-stream@^1.1.0
1364 silly packumentCache full:https://registry.npmjs.org/end-of-stream cache-miss
1365 silly fetch manifest once@^1.3.1
1366 silly packumentCache full:https://registry.npmjs.org/once cache-miss
1367 http cache https://registry.npmjs.org/end-of-stream 4ms (cache hit)
1368 silly packumentCache full:https://registry.npmjs.org/end-of-stream set size:27842 disposed:false
1369 http fetch GET 200 https://registry.npmjs.org/once 54ms (cache miss)
1370 silly packumentCache full:https://registry.npmjs.org/once set size:undefined disposed:false
1371 silly placeDep node_modules/glob minimatch@10.2.4 OK for: glob@13.0.6 want: ^10.2.2
1372 silly placeDep ROOT minipass@7.1.3 OK for: glob@13.0.6 want: ^7.1.3
1373 silly placeDep ROOT path-scurry@2.0.2 OK for: glob@13.0.6 want: ^2.0.2
1374 silly fetch manifest brace-expansion@^5.0.2
1375 silly packumentCache full:https://registry.npmjs.org/brace-expansion cache-miss
1376 silly fetch manifest lru-cache@^11.0.0
1377 silly packumentCache full:https://registry.npmjs.org/lru-cache cache-hit
1378 http fetch GET 200 https://registry.npmjs.org/brace-expansion 55ms (cache miss)
1379 silly packumentCache full:https://registry.npmjs.org/brace-expansion set size:undefined disposed:false
1380 silly placeDep ROOT agent-base@7.1.4 OK for: https-proxy-agent@7.0.6 want: ^7.1.2
1381 silly placeDep ROOT argparse@2.0.1 OK for: js-yaml@4.1.1 want: ^2.0.1
1382 silly placeDep ROOT @types/json-schema@7.0.15 OK for: json-schema-to-ts@1.6.4 want: ^7.0.6
1383 silly placeDep ROOT ts-toolbelt@6.15.5 OK for: json-schema-to-ts@1.6.4 want: ^6.15.5
1384 silly placeDep ROOT arg@4.1.0 OK for: micro@9.3.5-canary.3 want: 4.1.0
1385 silly placeDep ROOT content-type@1.0.4 OK for: micro@9.3.5-canary.3 want: 1.0.4
1386 silly placeDep ROOT raw-body@2.4.1 OK for: micro@9.3.5-canary.3 want: 2.4.1
1387 silly fetch manifest bytes@3.1.0
1388 silly packumentCache full:https://registry.npmjs.org/bytes cache-miss
1389 silly fetch manifest unpipe@1.0.0
1390 silly packumentCache full:https://registry.npmjs.org/unpipe cache-miss
1391 silly fetch manifest iconv-lite@0.4.24
1392 silly packumentCache full:https://registry.npmjs.org/iconv-lite cache-miss
1393 silly fetch manifest http-errors@1.7.3
1394 silly packumentCache full:https://registry.npmjs.org/http-errors cache-miss
1395 http fetch GET 200 https://registry.npmjs.org/bytes 45ms (cache miss)
1396 silly packumentCache full:https://registry.npmjs.org/bytes set size:undefined disposed:false
1397 http fetch GET 200 https://registry.npmjs.org/http-errors 50ms (cache miss)
1398 silly packumentCache full:https://registry.npmjs.org/http-errors set size:undefined disposed:false
1399 http fetch GET 200 https://registry.npmjs.org/iconv-lite 54ms (cache miss)
1400 silly packumentCache full:https://registry.npmjs.org/iconv-lite set size:undefined disposed:false
1401 http fetch GET 200 https://registry.npmjs.org/unpipe 63ms (cache miss)
1402 silly packumentCache full:https://registry.npmjs.org/unpipe set size:undefined disposed:false
1403 silly placeDep ROOT mime-db@1.52.0 OK for: mime-types@2.1.35 want: 1.52.0
1404 silly placeDep ROOT @isaacs/brace-expansion@5.0.1 OK for: minimatch@10.1.1 want: ^5.0.0
1405 silly fetch manifest @isaacs/balanced-match@^4.0.1
1406 silly packumentCache full:https://registry.npmjs.org/@isaacs%2fbalanced-match cache-miss
1407 http fetch GET 200 https://registry.npmjs.org/@isaacs%2fbalanced-match 61ms (cache miss)
1408 silly packumentCache full:https://registry.npmjs.org/@isaacs%2fbalanced-match set size:undefined disposed:false
1409 silly placeDep ROOT @isaacs/balanced-match@4.0.1 OK for: @isaacs/brace-expansion@5.0.1 want: ^4.0.1
1410 silly placeDep ROOT whatwg-url@5.0.0 OK for: node-fetch@2.6.7 want: ^5.0.0
1411 silly fetch manifest tr46@~0.0.3
1412 silly packumentCache full:https://registry.npmjs.org/tr46 cache-miss
1413 silly fetch manifest webidl-conversions@^3.0.0
1414 silly packumentCache full:https://registry.npmjs.org/webidl-conversions cache-miss
1415 http fetch GET 200 https://registry.npmjs.org/webidl-conversions 49ms (cache miss)
1416 silly packumentCache full:https://registry.npmjs.org/webidl-conversions set size:undefined disposed:false
1417 http fetch GET 200 https://registry.npmjs.org/tr46 55ms (cache miss)
1418 silly packumentCache full:https://registry.npmjs.org/tr46 set size:undefined disposed:false
1419 silly placeDep ROOT abbrev@3.0.1 OK for: nopt@8.1.0 want: ^3.0.0
1420 silly placeDep ROOT mimic-fn@2.1.0 OK for: onetime@5.1.2 want: ^2.1.0
1421 silly placeDep ROOT @oxc-transform/binding-android-arm-eabi@0.111.0 OK for: oxc-transform@0.111.0 want: 0.111.0
1422 silly placeDep ROOT @oxc-transform/binding-android-arm64@0.111.0 OK for: oxc-transform@0.111.0 want: 0.111.0
1423 silly placeDep ROOT @oxc-transform/binding-darwin-arm64@0.111.0 OK for: oxc-transform@0.111.0 want: 0.111.0
1424 silly placeDep ROOT @oxc-transform/binding-darwin-x64@0.111.0 OK for: oxc-transform@0.111.0 want: 0.111.0
1425 silly placeDep ROOT @oxc-transform/binding-freebsd-x64@0.111.0 OK for: oxc-transform@0.111.0 want: 0.111.0
1426 silly placeDep ROOT @oxc-transform/binding-linux-arm-gnueabihf@0.111.0 OK for: oxc-transform@0.111.0 want: 0.111.0
1427 silly placeDep ROOT @oxc-transform/binding-linux-arm-musleabihf@0.111.0 OK for: oxc-transform@0.111.0 want: 0.111.0
1428 silly placeDep ROOT @oxc-transform/binding-linux-arm64-gnu@0.111.0 OK for: oxc-transform@0.111.0 want: 0.111.0
1429 silly placeDep ROOT @oxc-transform/binding-linux-arm64-musl@0.111.0 OK for: oxc-transform@0.111.0 want: 0.111.0
1430 silly placeDep ROOT @oxc-transform/binding-linux-ppc64-gnu@0.111.0 OK for: oxc-transform@0.111.0 want: 0.111.0
1431 silly placeDep ROOT @oxc-transform/binding-linux-riscv64-gnu@0.111.0 OK for: oxc-transform@0.111.0 want: 0.111.0
1432 silly placeDep ROOT @oxc-transform/binding-linux-riscv64-musl@0.111.0 OK for: oxc-transform@0.111.0 want: 0.111.0
1433 silly placeDep ROOT @oxc-transform/binding-linux-s390x-gnu@0.111.0 OK for: oxc-transform@0.111.0 want: 0.111.0
1434 silly placeDep ROOT @oxc-transform/binding-linux-x64-gnu@0.111.0 OK for: oxc-transform@0.111.0 want: 0.111.0
1435 silly placeDep ROOT @oxc-transform/binding-linux-x64-musl@0.111.0 OK for: oxc-transform@0.111.0 want: 0.111.0
1436 silly placeDep ROOT @oxc-transform/binding-openharmony-arm64@0.111.0 OK for: oxc-transform@0.111.0 want: 0.111.0
1437 silly placeDep ROOT @oxc-transform/binding-wasm32-wasi@0.111.0 OK for: oxc-transform@0.111.0 want: 0.111.0
1438 silly placeDep ROOT @oxc-transform/binding-win32-arm64-msvc@0.111.0 OK for: oxc-transform@0.111.0 want: 0.111.0
1439 silly placeDep ROOT @oxc-transform/binding-win32-ia32-msvc@0.111.0 OK for: oxc-transform@0.111.0 want: 0.111.0
1440 silly placeDep ROOT @oxc-transform/binding-win32-x64-msvc@0.111.0 OK for: oxc-transform@0.111.0 want: 0.111.0
1441 silly fetch manifest @napi-rs/wasm-runtime@^1.1.1
1442 silly packumentCache full:https://registry.npmjs.org/@napi-rs%2fwasm-runtime cache-miss
1443 http fetch GET 200 https://registry.npmjs.org/@napi-rs%2fwasm-runtime 59ms (cache miss)
1444 silly packumentCache full:https://registry.npmjs.org/@napi-rs%2fwasm-runtime set size:undefined disposed:false
1445 silly placeDep ROOT @napi-rs/wasm-runtime@1.1.1 OK for: @oxc-transform/binding-wasm32-wasi@0.111.0 want: ^1.1.1
1446 silly fetch manifest @emnapi/core@^1.7.1
1447 silly packumentCache full:https://registry.npmjs.org/@emnapi%2fcore cache-miss
1448 silly fetch manifest @emnapi/runtime@^1.7.1
1449 silly packumentCache full:https://registry.npmjs.org/@emnapi%2fruntime cache-miss
1450 silly fetch manifest @tybys/wasm-util@^0.10.1
1451 silly packumentCache full:https://registry.npmjs.org/@tybys%2fwasm-util cache-miss
1452 http fetch GET 200 https://registry.npmjs.org/@emnapi%2fcore 62ms (cache miss)
1453 silly packumentCache full:https://registry.npmjs.org/@emnapi%2fcore set size:undefined disposed:false
1454 http fetch GET 200 https://registry.npmjs.org/@emnapi%2fruntime 74ms (cache miss)
1455 silly packumentCache full:https://registry.npmjs.org/@emnapi%2fruntime set size:undefined disposed:false
1456 http fetch GET 200 https://registry.npmjs.org/@tybys%2fwasm-util 75ms (cache miss)
1457 silly packumentCache full:https://registry.npmjs.org/@tybys%2fwasm-util set size:undefined disposed:false
1458 silly placeDep ROOT @emnapi/core@1.9.1 OK for: @napi-rs/wasm-runtime@1.1.1 want: ^1.7.1
1459 silly placeDep ROOT @emnapi/runtime@1.9.1 OK for: @napi-rs/wasm-runtime@1.1.1 want: ^1.7.1
1460 silly placeDep ROOT @tybys/wasm-util@0.10.1 OK for: @napi-rs/wasm-runtime@1.1.1 want: ^0.10.1
1461 silly fetch manifest @emnapi/wasi-threads@1.2.0
1462 silly packumentCache full:https://registry.npmjs.org/@emnapi%2fwasi-threads cache-miss
1463 silly fetch manifest tslib@^2.4.0
1464 silly packumentCache full:https://registry.npmjs.org/tslib cache-miss
1465 silly fetch manifest tslib@^2.4.0
1466 silly packumentCache full:https://registry.npmjs.org/tslib cache-miss
1467 silly fetch manifest tslib@^2.4.0
1468 silly packumentCache full:https://registry.npmjs.org/tslib cache-miss
1469 http fetch GET 200 https://registry.npmjs.org/tslib 52ms (cache miss)
1470 silly packumentCache full:https://registry.npmjs.org/tslib set size:undefined disposed:false
1471 http fetch GET 200 https://registry.npmjs.org/tslib 56ms (cache miss)
1472 silly packumentCache full:https://registry.npmjs.org/tslib set size:undefined disposed:false
1473 http fetch GET 200 https://registry.npmjs.org/tslib 60ms (cache miss)
1474 silly packumentCache full:https://registry.npmjs.org/tslib set size:undefined disposed:false
1475 http fetch GET 200 https://registry.npmjs.org/@emnapi%2fwasi-threads 63ms (cache miss)
1476 silly packumentCache full:https://registry.npmjs.org/@emnapi%2fwasi-threads set size:undefined disposed:false
1477 silly placeDep ROOT @emnapi/wasi-threads@1.2.0 OK for: @emnapi/core@1.9.1 want: 1.2.0
1478 silly placeDep ROOT tslib@2.8.1 OK for: @emnapi/core@1.9.1 want: ^2.4.0
1479 silly placeDep ROOT lru-cache@11.2.7 OK for: path-scurry@2.0.2 want: ^11.0.0
1480 silly placeDep ROOT parse-ms@2.1.0 OK for: pretty-ms@7.0.1 want: ^2.1.0
1481 silly placeDep ROOT http-proxy-agent@7.0.2 OK for: proxy-agent@6.4.0 want: ^7.0.1
1482 silly placeDep node_modules/proxy-agent lru-cache@7.18.3 OK for: proxy-agent@6.4.0 want: ^7.14.1
1483 silly placeDep ROOT pac-proxy-agent@7.2.0 OK for: proxy-agent@6.4.0 want: ^7.0.1
1484 silly placeDep ROOT proxy-from-env@1.1.0 OK for: proxy-agent@6.4.0 want: ^1.1.0
1485 silly placeDep ROOT socks-proxy-agent@8.0.5 OK for: proxy-agent@6.4.0 want: ^8.0.2
1486 silly fetch manifest get-uri@^6.0.1
1487 silly packumentCache full:https://registry.npmjs.org/get-uri cache-miss
1488 silly fetch manifest pac-resolver@^7.0.1
1489 silly packumentCache full:https://registry.npmjs.org/pac-resolver cache-miss
1490 silly fetch manifest socks-proxy-agent@^8.0.5
1491 silly packumentCache full:https://registry.npmjs.org/socks-proxy-agent cache-miss
1492 silly fetch manifest @tootallnate/quickjs-emscripten@^0.23.0
1493 silly packumentCache full:https://registry.npmjs.org/@tootallnate%2fquickjs-emscripten cache-miss
1494 silly fetch manifest socks@^2.8.3
1495 silly packumentCache full:https://registry.npmjs.org/socks cache-miss
1496 http cache https://registry.npmjs.org/socks-proxy-agent 6ms (cache hit)
1497 silly packumentCache full:https://registry.npmjs.org/socks-proxy-agent set size:100781 disposed:false
1498 http fetch GET 200 https://registry.npmjs.org/get-uri 62ms (cache miss)
1499 silly packumentCache full:https://registry.npmjs.org/get-uri set size:undefined disposed:false
1500 http fetch GET 200 https://registry.npmjs.org/socks 64ms (cache miss)
1501 silly packumentCache full:https://registry.npmjs.org/socks set size:undefined disposed:false
1502 http fetch GET 200 https://registry.npmjs.org/pac-resolver 66ms (cache miss)
1503 silly packumentCache full:https://registry.npmjs.org/pac-resolver set size:undefined disposed:false
1504 http fetch GET 200 https://registry.npmjs.org/@tootallnate%2fquickjs-emscripten 78ms (cache miss)
1505 silly packumentCache full:https://registry.npmjs.org/@tootallnate%2fquickjs-emscripten set size:undefined disposed:false
1506 silly placeDep ROOT @tootallnate/quickjs-emscripten@0.23.0 OK for: pac-proxy-agent@7.2.0 want: ^0.23.0
1507 silly placeDep ROOT get-uri@6.0.5 OK for: pac-proxy-agent@7.2.0 want: ^6.0.1
1508 silly placeDep ROOT pac-resolver@7.0.1 OK for: pac-proxy-agent@7.2.0 want: ^7.0.1
1509 silly fetch manifest basic-ftp@^5.0.2
1510 silly packumentCache full:https://registry.npmjs.org/basic-ftp cache-miss
1511 silly fetch manifest data-uri-to-buffer@^6.0.2
1512 silly packumentCache full:https://registry.npmjs.org/data-uri-to-buffer cache-miss
1513 silly fetch manifest netmask@^2.0.2
1514 silly packumentCache full:https://registry.npmjs.org/netmask cache-miss
1515 silly fetch manifest degenerator@^5.0.0
1516 silly packumentCache full:https://registry.npmjs.org/degenerator cache-miss
1517 http fetch GET 200 https://registry.npmjs.org/degenerator 49ms (cache miss)
1518 silly packumentCache full:https://registry.npmjs.org/degenerator set size:undefined disposed:false
1519 http fetch GET 200 https://registry.npmjs.org/basic-ftp 55ms (cache miss)
1520 silly packumentCache full:https://registry.npmjs.org/basic-ftp set size:undefined disposed:false
1521 http fetch GET 200 https://registry.npmjs.org/netmask 58ms (cache miss)
1522 silly packumentCache full:https://registry.npmjs.org/netmask set size:undefined disposed:false
1523 http fetch GET 200 https://registry.npmjs.org/data-uri-to-buffer 67ms (cache miss)
1524 silly packumentCache full:https://registry.npmjs.org/data-uri-to-buffer set size:undefined disposed:false
1525 silly placeDep ROOT basic-ftp@5.2.0 OK for: get-uri@6.0.5 want: ^5.0.2
1526 silly placeDep ROOT data-uri-to-buffer@6.0.2 OK for: get-uri@6.0.5 want: ^6.0.2
1527 silly placeDep ROOT degenerator@5.0.1 OK for: pac-resolver@7.0.1 want: ^5.0.0
1528 silly placeDep ROOT netmask@2.0.2 OK for: pac-resolver@7.0.1 want: ^2.0.2
1529 silly fetch manifest esprima@^4.0.1
1530 silly packumentCache full:https://registry.npmjs.org/esprima cache-miss
1531 silly fetch manifest ast-types@^0.13.4
1532 silly packumentCache full:https://registry.npmjs.org/ast-types cache-miss
1533 silly fetch manifest escodegen@^2.1.0
1534 silly packumentCache full:https://registry.npmjs.org/escodegen cache-miss
1535 http fetch GET 200 https://registry.npmjs.org/esprima 53ms (cache miss)
1536 silly packumentCache full:https://registry.npmjs.org/esprima set size:undefined disposed:false
1537 http fetch GET 200 https://registry.npmjs.org/ast-types 59ms (cache miss)
1538 silly packumentCache full:https://registry.npmjs.org/ast-types set size:undefined disposed:false
1539 http fetch GET 200 https://registry.npmjs.org/escodegen 67ms (cache miss)
1540 silly packumentCache full:https://registry.npmjs.org/escodegen set size:undefined disposed:false
1541 silly placeDep ROOT ast-types@0.13.4 OK for: degenerator@5.0.1 want: ^0.13.4
1542 silly placeDep ROOT escodegen@2.1.0 OK for: degenerator@5.0.1 want: ^2.1.0
1543 silly placeDep ROOT esprima@4.0.1 OK for: degenerator@5.0.1 want: ^4.0.1
1544 silly fetch manifest estraverse@^5.2.0
1545 silly packumentCache full:https://registry.npmjs.org/estraverse cache-miss
1546 silly fetch manifest esutils@^2.0.2
1547 silly packumentCache full:https://registry.npmjs.org/esutils cache-miss
1548 silly fetch manifest source-map@~0.6.1
1549 silly packumentCache full:https://registry.npmjs.org/source-map cache-miss
1550 http fetch GET 200 https://registry.npmjs.org/estraverse 49ms (cache miss)
1551 silly packumentCache full:https://registry.npmjs.org/estraverse set size:undefined disposed:false
1552 http fetch GET 200 https://registry.npmjs.org/esutils 62ms (cache miss)
1553 silly packumentCache full:https://registry.npmjs.org/esutils set size:undefined disposed:false
1554 http fetch GET 200 https://registry.npmjs.org/source-map 69ms (cache miss)
1555 silly packumentCache full:https://registry.npmjs.org/source-map set size:undefined disposed:false
1556 silly placeDep ROOT estraverse@5.3.0 OK for: escodegen@2.1.0 want: ^5.2.0
1557 silly placeDep ROOT esutils@2.0.3 OK for: escodegen@2.1.0 want: ^2.0.2
1558 silly placeDep ROOT source-map@0.6.1 OK for: escodegen@2.1.0 want: ~0.6.1
1559 silly placeDep ROOT end-of-stream@1.4.5 OK for: pump@3.0.4 want: ^1.1.0
1560 silly placeDep ROOT once@1.4.0 OK for: pump@3.0.4 want: ^1.3.1
1561 silly fetch manifest once@^1.4.0
1562 silly packumentCache full:https://registry.npmjs.org/once cache-miss
1563 silly fetch manifest wrappy@1
1564 silly packumentCache full:https://registry.npmjs.org/wrappy cache-miss
1565 http cache https://registry.npmjs.org/once 4ms (cache hit)
1566 silly packumentCache full:https://registry.npmjs.org/once set size:11752 disposed:false
1567 http fetch GET 200 https://registry.npmjs.org/wrappy 53ms (cache miss)
1568 silly packumentCache full:https://registry.npmjs.org/wrappy set size:undefined disposed:false
1569 silly placeDep ROOT wrappy@1.0.2 OK for: once@1.4.0 want: 1
1570 silly placeDep ROOT bytes@3.1.0 OK for: raw-body@2.4.1 want: 3.1.0
1571 silly placeDep ROOT http-errors@1.7.3 OK for: raw-body@2.4.1 want: 1.7.3
1572 silly placeDep ROOT iconv-lite@0.4.24 OK for: raw-body@2.4.1 want: 0.4.24
1573 silly placeDep ROOT unpipe@1.0.0 OK for: raw-body@2.4.1 want: 1.0.0
1574 silly fetch manifest depd@~1.1.2
1575 silly packumentCache full:https://registry.npmjs.org/depd cache-miss
1576 silly fetch manifest inherits@2.0.4
1577 silly packumentCache full:https://registry.npmjs.org/inherits cache-miss
1578 silly fetch manifest statuses@>= 1.5.0 < 2
1579 silly packumentCache full:https://registry.npmjs.org/statuses cache-miss
1580 silly fetch manifest toidentifier@1.0.0
1581 silly packumentCache full:https://registry.npmjs.org/toidentifier cache-miss
1582 silly fetch manifest setprototypeof@1.1.1
1583 silly packumentCache full:https://registry.npmjs.org/setprototypeof cache-miss
1584 silly fetch manifest safer-buffer@>= 2.1.2 < 3
1585 silly packumentCache full:https://registry.npmjs.org/safer-buffer cache-miss
1586 http fetch GET 200 https://registry.npmjs.org/inherits 53ms (cache miss)
1587 silly packumentCache full:https://registry.npmjs.org/inherits set size:undefined disposed:false
1588 http fetch GET 200 https://registry.npmjs.org/safer-buffer 54ms (cache miss)
1589 silly packumentCache full:https://registry.npmjs.org/safer-buffer set size:undefined disposed:false
1590 http fetch GET 200 https://registry.npmjs.org/depd 55ms (cache miss)
1591 silly packumentCache full:https://registry.npmjs.org/depd set size:undefined disposed:false
1592 http fetch GET 200 https://registry.npmjs.org/setprototypeof 55ms (cache miss)
1593 silly packumentCache full:https://registry.npmjs.org/setprototypeof set size:undefined disposed:false
1594 http fetch GET 200 https://registry.npmjs.org/toidentifier 57ms (cache miss)
1595 silly packumentCache full:https://registry.npmjs.org/toidentifier set size:undefined disposed:false
1596 http fetch GET 200 https://registry.npmjs.org/statuses 66ms (cache miss)
1597 silly packumentCache full:https://registry.npmjs.org/statuses set size:undefined disposed:false
1598 silly placeDep ROOT depd@1.1.2 OK for: http-errors@1.7.3 want: ~1.1.2
1599 silly placeDep ROOT inherits@2.0.4 OK for: http-errors@1.7.3 want: 2.0.4
1600 silly placeDep ROOT setprototypeof@1.1.1 OK for: http-errors@1.7.3 want: 1.1.1
1601 silly placeDep ROOT statuses@1.5.0 OK for: http-errors@1.7.3 want: >= 1.5.0 < 2
1602 silly placeDep ROOT toidentifier@1.0.0 OK for: http-errors@1.7.3 want: 1.0.0
1603 silly placeDep ROOT safer-buffer@2.1.2 OK for: iconv-lite@0.4.24 want: >= 2.1.2 < 3
1604 silly placeDep ROOT @oxc-project/types@0.110.0 OK for: rolldown@1.0.0-rc.1 want: =0.110.0
1605 silly placeDep ROOT @rolldown/binding-android-arm64@1.0.0-rc.1 OK for: rolldown@1.0.0-rc.1 want: 1.0.0-rc.1
1606 silly placeDep ROOT @rolldown/binding-darwin-arm64@1.0.0-rc.1 OK for: rolldown@1.0.0-rc.1 want: 1.0.0-rc.1
1607 silly placeDep ROOT @rolldown/binding-darwin-x64@1.0.0-rc.1 OK for: rolldown@1.0.0-rc.1 want: 1.0.0-rc.1
1608 silly placeDep ROOT @rolldown/binding-freebsd-x64@1.0.0-rc.1 OK for: rolldown@1.0.0-rc.1 want: 1.0.0-rc.1
1609 silly placeDep ROOT @rolldown/binding-linux-arm-gnueabihf@1.0.0-rc.1 OK for: rolldown@1.0.0-rc.1 want: 1.0.0-rc.1
1610 silly placeDep ROOT @rolldown/binding-linux-arm64-gnu@1.0.0-rc.1 OK for: rolldown@1.0.0-rc.1 want: 1.0.0-rc.1
1611 silly placeDep ROOT @rolldown/binding-linux-arm64-musl@1.0.0-rc.1 OK for: rolldown@1.0.0-rc.1 want: 1.0.0-rc.1
1612 silly placeDep ROOT @rolldown/binding-linux-x64-gnu@1.0.0-rc.1 OK for: rolldown@1.0.0-rc.1 want: 1.0.0-rc.1
1613 silly placeDep ROOT @rolldown/binding-linux-x64-musl@1.0.0-rc.1 OK for: rolldown@1.0.0-rc.1 want: 1.0.0-rc.1
1614 silly placeDep ROOT @rolldown/binding-openharmony-arm64@1.0.0-rc.1 OK for: rolldown@1.0.0-rc.1 want: 1.0.0-rc.1
1615 silly placeDep ROOT @rolldown/binding-wasm32-wasi@1.0.0-rc.1 OK for: rolldown@1.0.0-rc.1 want: 1.0.0-rc.1
1616 silly placeDep ROOT @rolldown/binding-win32-arm64-msvc@1.0.0-rc.1 OK for: rolldown@1.0.0-rc.1 want: 1.0.0-rc.1
1617 silly placeDep ROOT @rolldown/binding-win32-x64-msvc@1.0.0-rc.1 OK for: rolldown@1.0.0-rc.1 want: 1.0.0-rc.1
1618 silly placeDep ROOT @rolldown/pluginutils@1.0.0-rc.1 OK for: rolldown@1.0.0-rc.1 want: 1.0.0-rc.1
1619 silly placeDep node_modules/semver lru-cache@6.0.0 OK for: semver@7.5.4 want: ^6.0.0
1620 silly fetch manifest yallist@^4.0.0
1621 silly packumentCache full:https://registry.npmjs.org/yallist cache-miss
1622 http cache https://registry.npmjs.org/yallist 3ms (cache hit)
1623 silly packumentCache full:https://registry.npmjs.org/yallist set size:34610 disposed:false
1624 silly placeDep ROOT shebang-regex@3.0.0 OK for: shebang-command@2.0.0 want: ^3.0.0
1625 silly placeDep ROOT socks@2.8.7 OK for: socks-proxy-agent@8.0.5 want: ^2.8.3
1626 silly fetch manifest ip-address@^10.0.1
1627 silly packumentCache full:https://registry.npmjs.org/ip-address cache-miss
1628 silly fetch manifest smart-buffer@^4.2.0
1629 silly packumentCache full:https://registry.npmjs.org/smart-buffer cache-miss
1630 http fetch GET 200 https://registry.npmjs.org/smart-buffer 52ms (cache miss)
1631 silly packumentCache full:https://registry.npmjs.org/smart-buffer set size:undefined disposed:false
1632 http fetch GET 200 https://registry.npmjs.org/ip-address 56ms (cache miss)
1633 silly packumentCache full:https://registry.npmjs.org/ip-address set size:undefined disposed:false
1634 silly placeDep ROOT ip-address@10.1.0 OK for: socks@2.8.7 want: ^10.0.1
1635 silly placeDep ROOT smart-buffer@4.2.0 OK for: socks@2.8.7 want: ^4.2.0
1636 silly placeDep ROOT cookie-es@2.0.0 OK for: srvx@0.8.9 want: ^2.0.0
1637 silly placeDep ROOT any-promise@1.3.0 OK for: stream-to-promise@2.2.0 want: ~1.3.0
1638 silly placeDep node_modules/stream-to-promise end-of-stream@1.1.0 OK for: stream-to-promise@2.2.0 want: ~1.1.0
1639 silly placeDep ROOT stream-to-array@2.3.0 OK for: stream-to-promise@2.2.0 want: ~2.3.0
1640 silly fetch manifest once@~1.3.0
1641 silly packumentCache full:https://registry.npmjs.org/once cache-hit
1642 silly placeDep ROOT @isaacs/fs-minipass@4.0.1 OK for: tar@7.5.7 want: ^4.0.0
1643 silly placeDep ROOT chownr@3.0.0 OK for: tar@7.5.7 want: ^3.0.0
1644 silly placeDep ROOT minizlib@3.1.0 OK for: tar@7.5.7 want: ^3.1.0
1645 silly placeDep ROOT yallist@5.0.0 OK for: tar@7.5.7 want: ^5.0.0
1646 silly placeDep ROOT convert-hrtime@3.0.0 OK for: time-span@4.0.0 want: ^3.0.0
1647 silly placeDep ROOT @ts-morph/common@0.11.1 OK for: ts-morph@12.0.0 want: ~0.11.0
1648 silly placeDep ROOT code-block-writer@10.1.1 OK for: ts-morph@12.0.0 want: ^10.1.1
1649 silly fetch manifest mkdirp@^1.0.4
1650 silly packumentCache full:https://registry.npmjs.org/mkdirp cache-miss
1651 silly fetch manifest fast-glob@^3.2.7
1652 silly packumentCache full:https://registry.npmjs.org/fast-glob cache-miss
1653 silly fetch manifest minimatch@^3.0.4
1654 silly packumentCache full:https://registry.npmjs.org/minimatch cache-hit
1655 silly fetch manifest path-browserify@^1.0.1
1656 silly packumentCache full:https://registry.npmjs.org/path-browserify cache-miss
1657 http fetch GET 200 https://registry.npmjs.org/mkdirp 56ms (cache miss)
1658 silly packumentCache full:https://registry.npmjs.org/mkdirp set size:undefined disposed:false
1659 http fetch GET 200 https://registry.npmjs.org/path-browserify 58ms (cache miss)
1660 silly packumentCache full:https://registry.npmjs.org/path-browserify set size:undefined disposed:false
1661 http fetch GET 200 https://registry.npmjs.org/fast-glob 59ms (cache miss)
1662 silly packumentCache full:https://registry.npmjs.org/fast-glob set size:undefined disposed:false
1663 silly placeDep ROOT fast-glob@3.3.3 OK for: @ts-morph/common@0.11.1 want: ^3.2.7
1664 silly placeDep node_modules/@ts-morph/common minimatch@3.1.5 OK for: @ts-morph/common@0.11.1 want: ^3.0.4
1665 silly placeDep ROOT mkdirp@1.0.4 OK for: @ts-morph/common@0.11.1 want: ^1.0.4
1666 silly placeDep ROOT path-browserify@1.0.1 OK for: @ts-morph/common@0.11.1 want: ^1.0.1
1667 silly fetch manifest @nodelib/fs.stat@^2.0.2
1668 silly packumentCache full:https://registry.npmjs.org/@nodelib%2ffs.stat cache-miss
1669 silly fetch manifest @nodelib/fs.walk@^1.2.3
1670 silly packumentCache full:https://registry.npmjs.org/@nodelib%2ffs.walk cache-miss
1671 silly fetch manifest glob-parent@^5.1.2
1672 silly packumentCache full:https://registry.npmjs.org/glob-parent cache-miss
1673 silly fetch manifest merge2@^1.3.0
1674 silly packumentCache full:https://registry.npmjs.org/merge2 cache-miss
1675 silly fetch manifest micromatch@^4.0.8
1676 silly packumentCache full:https://registry.npmjs.org/micromatch cache-miss
1677 silly fetch manifest brace-expansion@^1.1.7
1678 silly packumentCache full:https://registry.npmjs.org/brace-expansion cache-miss
1679 http cache https://registry.npmjs.org/brace-expansion 6ms (cache hit)
1680 silly packumentCache full:https://registry.npmjs.org/brace-expansion set size:55744 disposed:false
1681 http fetch GET 200 https://registry.npmjs.org/glob-parent 51ms (cache miss)
1682 silly packumentCache full:https://registry.npmjs.org/glob-parent set size:undefined disposed:false
1683 http fetch GET 200 https://registry.npmjs.org/@nodelib%2ffs.stat 60ms (cache miss)
1684 silly packumentCache full:https://registry.npmjs.org/@nodelib%2ffs.stat set size:undefined disposed:false
1685 http fetch GET 200 https://registry.npmjs.org/micromatch 68ms (cache miss)
1686 silly packumentCache full:https://registry.npmjs.org/micromatch set size:undefined disposed:false
1687 http fetch GET 200 https://registry.npmjs.org/@nodelib%2ffs.walk 84ms (cache miss)
1688 silly packumentCache full:https://registry.npmjs.org/@nodelib%2ffs.walk set size:undefined disposed:false
1689 http fetch GET 200 https://registry.npmjs.org/merge2 85ms (cache miss)
1690 silly packumentCache full:https://registry.npmjs.org/merge2 set size:undefined disposed:false
1691 silly placeDep ROOT @nodelib/fs.stat@2.0.5 OK for: fast-glob@3.3.3 want: ^2.0.2
1692 silly placeDep ROOT @nodelib/fs.walk@1.2.8 OK for: fast-glob@3.3.3 want: ^1.2.3
1693 silly placeDep ROOT glob-parent@5.1.2 OK for: fast-glob@3.3.3 want: ^5.1.2
1694 silly placeDep ROOT merge2@1.4.1 OK for: fast-glob@3.3.3 want: ^1.3.0
1695 silly placeDep ROOT micromatch@4.0.8 OK for: fast-glob@3.3.3 want: ^4.0.8
1696 silly fetch manifest fastq@^1.6.0
1697 silly packumentCache full:https://registry.npmjs.org/fastq cache-miss
1698 silly fetch manifest @nodelib/fs.scandir@2.1.5
1699 silly packumentCache full:https://registry.npmjs.org/@nodelib%2ffs.scandir cache-miss
1700 silly fetch manifest is-glob@^4.0.1
1701 silly packumentCache full:https://registry.npmjs.org/is-glob cache-miss
1702 silly fetch manifest braces@^3.0.3
1703 silly packumentCache full:https://registry.npmjs.org/braces cache-miss
1704 silly fetch manifest picomatch@^2.3.1
1705 silly packumentCache full:https://registry.npmjs.org/picomatch cache-miss
1706 http cache https://registry.npmjs.org/picomatch 5ms (cache hit)
1707 silly packumentCache full:https://registry.npmjs.org/picomatch set size:126392 disposed:false
1708 http fetch GET 200 https://registry.npmjs.org/fastq 49ms (cache miss)
1709 silly packumentCache full:https://registry.npmjs.org/fastq set size:undefined disposed:false
1710 http fetch GET 200 https://registry.npmjs.org/braces 56ms (cache miss)
1711 silly packumentCache full:https://registry.npmjs.org/braces set size:undefined disposed:false
1712 http fetch GET 200 https://registry.npmjs.org/@nodelib%2ffs.scandir 61ms (cache miss)
1713 silly packumentCache full:https://registry.npmjs.org/@nodelib%2ffs.scandir set size:undefined disposed:false
1714 http fetch GET 200 https://registry.npmjs.org/is-glob 62ms (cache miss)
1715 silly packumentCache full:https://registry.npmjs.org/is-glob set size:undefined disposed:false
1716 silly placeDep ROOT @nodelib/fs.scandir@2.1.5 OK for: @nodelib/fs.walk@1.2.8 want: 2.1.5
1717 silly placeDep ROOT fastq@1.20.1 OK for: @nodelib/fs.walk@1.2.8 want: ^1.6.0
1718 silly fetch manifest run-parallel@^1.1.9
1719 silly packumentCache full:https://registry.npmjs.org/run-parallel cache-miss
1720 silly fetch manifest reusify@^1.0.4
1721 silly packumentCache full:https://registry.npmjs.org/reusify cache-miss
1722 http fetch GET 200 https://registry.npmjs.org/run-parallel 55ms (cache miss)
1723 silly packumentCache full:https://registry.npmjs.org/run-parallel set size:undefined disposed:false
1724 http fetch GET 200 https://registry.npmjs.org/reusify 57ms (cache miss)
1725 silly packumentCache full:https://registry.npmjs.org/reusify set size:undefined disposed:false
1726 silly placeDep ROOT run-parallel@1.2.0 OK for: @nodelib/fs.scandir@2.1.5 want: ^1.1.9
1727 silly fetch manifest queue-microtask@^1.2.2
1728 silly packumentCache full:https://registry.npmjs.org/queue-microtask cache-miss
1729 http fetch GET 200 https://registry.npmjs.org/queue-microtask 47ms (cache miss)
1730 silly packumentCache full:https://registry.npmjs.org/queue-microtask set size:undefined disposed:false
1731 silly placeDep ROOT reusify@1.1.0 OK for: fastq@1.20.1 want: ^1.0.4
1732 silly placeDep ROOT is-glob@4.0.3 OK for: glob-parent@5.1.2 want: ^4.0.1
1733 silly fetch manifest is-extglob@^2.1.1
1734 silly packumentCache full:https://registry.npmjs.org/is-extglob cache-miss
1735 http fetch GET 200 https://registry.npmjs.org/is-extglob 44ms (cache miss)
1736 silly packumentCache full:https://registry.npmjs.org/is-extglob set size:undefined disposed:false
1737 silly placeDep ROOT is-extglob@2.1.1 OK for: is-glob@4.0.3 want: ^2.1.1
1738 silly placeDep ROOT braces@3.0.3 OK for: micromatch@4.0.8 want: ^3.0.3
1739 silly placeDep node_modules/micromatch picomatch@2.3.2 OK for: micromatch@4.0.8 want: ^2.3.1
1740 silly fetch manifest fill-range@^7.1.1
1741 silly packumentCache full:https://registry.npmjs.org/fill-range cache-miss
1742 http fetch GET 200 https://registry.npmjs.org/fill-range 65ms (cache miss)
1743 silly packumentCache full:https://registry.npmjs.org/fill-range set size:undefined disposed:false
1744 silly placeDep ROOT fill-range@7.1.1 OK for: braces@3.0.3 want: ^7.1.1
1745 silly fetch manifest to-regex-range@^5.0.1
1746 silly packumentCache full:https://registry.npmjs.org/to-regex-range cache-miss
1747 http fetch GET 200 https://registry.npmjs.org/to-regex-range 70ms (cache miss)
1748 silly packumentCache full:https://registry.npmjs.org/to-regex-range set size:undefined disposed:false
1749 silly placeDep ROOT to-regex-range@5.0.1 OK for: fill-range@7.1.1 want: ^5.0.1
1750 silly fetch manifest is-number@^7.0.0
1751 silly packumentCache full:https://registry.npmjs.org/is-number cache-miss
1752 http fetch GET 200 https://registry.npmjs.org/is-number 62ms (cache miss)
1753 silly packumentCache full:https://registry.npmjs.org/is-number set size:undefined disposed:false
1754 silly placeDep ROOT queue-microtask@1.2.3 OK for: run-parallel@1.2.0 want: ^1.2.2
1755 silly placeDep ROOT is-number@7.0.0 OK for: to-regex-range@5.0.1 want: ^7.0.0
1756 silly placeDep ROOT fsevents@2.3.3 OK for: tsx@4.21.0 want: ~2.3.3
1757 silly placeDep ROOT get-tsconfig@4.13.7 OK for: tsx@4.21.0 want: ^4.7.5
1758 silly fetch manifest resolve-pkg-maps@^1.0.0
1759 silly packumentCache full:https://registry.npmjs.org/resolve-pkg-maps cache-miss
1760 http fetch GET 200 https://registry.npmjs.org/resolve-pkg-maps 46ms (cache miss)
1761 silly packumentCache full:https://registry.npmjs.org/resolve-pkg-maps set size:undefined disposed:false
1762 silly placeDep ROOT resolve-pkg-maps@1.0.0 OK for: get-tsconfig@4.13.7 want: ^1.0.0
1763 silly placeDep ROOT punycode@2.3.1 OK for: uri-js@4.4.1 want: ^2.1.0
1764 silly placeDep ROOT tr46@0.0.3 OK for: whatwg-url@5.0.0 want: ~0.0.3
1765 silly placeDep ROOT webidl-conversions@3.0.1 OK for: whatwg-url@5.0.0 want: ^3.0.0
1766 silly placeDep ROOT isexe@2.0.0 OK for: which@2.0.2 want: ^2.0.0
1767 silly placeDep ROOT xdg-portable@7.3.0 OK for: xdg-app-paths@5.1.0 want: ^7.0.0
1768 silly fetch manifest os-paths@^4.0.1
1769 silly packumentCache full:https://registry.npmjs.org/os-paths cache-miss
1770 http fetch GET 200 https://registry.npmjs.org/os-paths 49ms (cache miss)
1771 silly packumentCache full:https://registry.npmjs.org/os-paths set size:undefined disposed:false
1772 silly placeDep ROOT os-paths@4.4.0 OK for: xdg-portable@7.3.0 want: ^4.0.1
1773 silly placeDep ROOT yauzl@2.10.0 OK for: yauzl-promise@2.1.3 want: ^2.9.1
1774 silly placeDep ROOT yauzl-clone@1.0.4 OK for: yauzl-promise@2.1.3 want: ^1.0.4
1775 silly fetch manifest fd-slicer@~1.1.0
1776 silly packumentCache full:https://registry.npmjs.org/fd-slicer cache-miss
1777 silly fetch manifest buffer-crc32@~0.2.3
1778 silly packumentCache full:https://registry.npmjs.org/buffer-crc32 cache-miss
1779 silly fetch manifest events-intercept@^2.0.0
1780 silly packumentCache full:https://registry.npmjs.org/events-intercept cache-miss
1781 http fetch GET 200 https://registry.npmjs.org/fd-slicer 52ms (cache miss)
1782 silly packumentCache full:https://registry.npmjs.org/fd-slicer set size:undefined disposed:false
1783 http fetch GET 200 https://registry.npmjs.org/buffer-crc32 54ms (cache miss)
1784 silly packumentCache full:https://registry.npmjs.org/buffer-crc32 set size:undefined disposed:false
1785 http fetch GET 200 https://registry.npmjs.org/events-intercept 58ms (cache miss)
1786 silly packumentCache full:https://registry.npmjs.org/events-intercept set size:undefined disposed:false
1787 silly placeDep ROOT buffer-crc32@0.2.13 OK for: yauzl@2.10.0 want: ~0.2.3
1788 silly placeDep ROOT fd-slicer@1.1.0 OK for: yauzl@2.10.0 want: ~1.1.0
1789 silly fetch manifest pend@~1.2.0
1790 silly packumentCache full:https://registry.npmjs.org/pend cache-miss
1791 http fetch GET 200 https://registry.npmjs.org/pend 50ms (cache miss)
1792 silly packumentCache full:https://registry.npmjs.org/pend set size:undefined disposed:false
1793 silly placeDep ROOT pend@1.2.0 OK for: fd-slicer@1.1.0 want: ~1.2.0
1794 silly placeDep ROOT events-intercept@2.0.0 OK for: yauzl-clone@1.0.4 want: ^2.0.0
1795 silly placeDep ROOT brace-expansion@1.1.12 OK for: minimatch@3.1.5 want: ^1.1.7
1796 silly fetch manifest concat-map@0.0.1
1797 silly packumentCache full:https://registry.npmjs.org/concat-map cache-miss
1798 silly fetch manifest balanced-match@^1.0.0
1799 silly packumentCache full:https://registry.npmjs.org/balanced-match cache-miss
1800 http fetch GET 200 https://registry.npmjs.org/concat-map 46ms (cache miss)
1801 silly packumentCache full:https://registry.npmjs.org/concat-map set size:undefined disposed:false
1802 http fetch GET 200 https://registry.npmjs.org/balanced-match 55ms (cache miss)
1803 silly packumentCache full:https://registry.npmjs.org/balanced-match set size:undefined disposed:false
1804 silly placeDep ROOT balanced-match@1.0.2 OK for: brace-expansion@1.1.12 want: ^1.0.0
1805 silly placeDep ROOT concat-map@0.0.1 OK for: brace-expansion@1.1.12 want: 0.0.1
1806 silly placeDep ROOT @fastify/busboy@2.1.1 OK for: undici@5.28.4 want: ^2.0.0
1807 silly placeDep node_modules/@vercel/rust get-stream@6.0.1 OK for: execa@5.1.1 want: ^6.0.0
1808 silly placeDep node_modules/@vercel/rust human-signals@2.1.0 OK for: execa@5.1.1 want: ^2.1.0
1809 silly placeDep node_modules/@vercel/rust signal-exit@3.0.7 OK for: execa@5.1.1 want: ^3.0.3
1810 silly placeDep node_modules/glob brace-expansion@5.0.4 OK for: minimatch@10.2.4 want: ^5.0.2
1811 silly fetch manifest balanced-match@^4.0.2
1812 silly packumentCache full:https://registry.npmjs.org/balanced-match cache-miss
1813 http cache https://registry.npmjs.org/balanced-match 4ms (cache hit)
1814 silly packumentCache full:https://registry.npmjs.org/balanced-match set size:39082 disposed:false
1815 silly placeDep node_modules/glob balanced-match@4.0.4 OK for: brace-expansion@5.0.4 want: ^4.0.2
1816 silly placeDep node_modules/semver yallist@4.0.0 OK for: lru-cache@6.0.0 want: ^4.0.0
1817 silly placeDep node_modules/stream-to-promise once@1.3.3 OK for: end-of-stream@1.1.0 want: ~1.3.0
1818 silly reify moves {}
1819 silly audit bulk request {
1819 silly audit   vercel: [ '50.35.0' ],
1819 silly audit   '@vercel/backends': [ '0.0.49' ],
1819 silly audit   typescript: [ '5.9.3' ],
1819 silly audit   '@vercel/blob': [ '2.3.0' ],
1819 silly audit   '@vercel/build-utils': [ '13.8.2' ],
1819 silly audit   '@vercel/detect-agent': [ '1.2.1' ],
1819 silly audit   '@vercel/elysia': [ '0.1.51' ],
1819 silly audit   '@vercel/express': [ '0.1.61' ],
1819 silly audit   '@vercel/fastify': [ '0.1.54' ],
1819 silly audit   '@vercel/fun': [ '1.3.0' ],
1819 silly audit   '@vercel/go': [ '3.4.6' ],
1819 silly audit   '@vercel/h3': [ '0.1.60' ],
1819 silly audit   '@vercel/hono': [ '0.2.54' ],
1819 silly audit   '@vercel/hydrogen': [ '1.3.6' ],
1819 silly audit   '@vercel/koa': [ '0.1.34' ],
1819 silly audit   '@vercel/nestjs': [ '0.2.55' ],
1819 silly audit   '@vercel/next': [ '4.16.2' ],
1819 silly audit   '@vercel/node': [ '5.6.18' ],
1819 silly audit   '@vercel/prepare-flags-definitions': [ '0.2.1' ],
1819 silly audit   '@vercel/python': [ '6.26.0' ],
1819 silly audit   '@vercel/redwood': [ '2.4.11' ],
1819 silly audit   '@vercel/remix-builder': [ '5.7.1' ],
1819 silly audit   '@vercel/ruby': [ '2.3.2' ],
1819 silly audit   '@vercel/rust': [ '1.0.5' ],
1819 silly audit   '@vercel/static-build': [ '2.9.2' ],
1819 silly audit   chokidar: [ '4.0.0' ],
1819 silly audit   esbuild: [ '0.27.0' ],
1819 silly audit   'form-data': [ '4.0.5' ],
1819 silly audit   jose: [ '5.9.6' ],
1819 silly audit   luxon: [ '3.7.2' ],
1819 silly audit   'proxy-agent': [ '6.4.0' ],
1819 silly audit   '@vercel/nft': [ '1.4.0' ],
1819 silly audit   execa: [ '3.2.0', '5.1.1' ],
1819 silly audit   'fs-extra': [ '11.1.0', '11.1.1' ],
1819 silly audit   'oxc-transform': [ '0.111.0' ],
1819 silly audit   'path-to-regexp': [ '8.3.0', '8.2.0', '6.1.0', '6.3.0' ],
1819 silly audit   'resolve.exports': [ '2.0.3' ],
1819 silly audit   rolldown: [ '1.0.0-rc.1' ],
1819 silly audit   srvx: [ '0.8.9' ],
1819 silly audit   tsx: [ '4.21.0' ],
1819 silly audit   zod: [ '3.22.4' ],
1819 silly audit   'async-retry': [ '1.3.3' ],
1819 silly audit   'is-buffer': [ '2.0.5' ],
1819 silly audit   'is-node-process': [ '1.2.0' ],
1819 silly audit   throttleit: [ '2.1.0' ],
1819 silly audit   undici: [ '6.24.1', '5.28.4' ],
1819 silly audit   '@vercel/python-analysis': [ '0.10.1' ],
1819 silly audit   '@vercel/static-config': [ '3.2.0' ],
1819 silly audit   '@vercel/cervel': [ '0.0.36' ],
1819 silly audit   'ts-morph': [ '12.0.0' ],
1819 silly audit   '@tootallnate/once': [ '2.0.0' ],
1819 silly audit   'async-listen': [ '1.2.0', '3.0.0', '3.0.1' ],
1819 silly audit   debug: [ '4.3.4' ],
1819 silly audit   'generic-pool': [ '3.4.2' ],
1819 silly audit   micro: [ '9.3.5-canary.3' ],
1819 silly audit   ms: [ '2.1.1', '2.1.2' ],
1819 silly audit   'node-fetch': [ '2.6.7', '2.6.9' ],
1819 silly audit   promisepipe: [ '3.0.0' ],
1819 silly audit   semver: [ '7.5.4', '6.3.1' ],
1819 silly audit   'stat-mode': [ '0.3.0' ],
1819 silly audit   'stream-to-promise': [ '2.2.0' ],
1819 silly audit   tar: [ '7.5.7' ],
1819 silly audit   tinyexec: [ '0.3.2' ],
1819 silly audit   'tree-kill': [ '1.2.2' ],
1819 silly audit   'uid-promise': [ '1.0.0' ],
1819 silly audit   'xdg-app-paths': [ '5.1.0' ],
1819 silly audit   'yauzl-promise': [ '2.1.3' ],
1819 silly audit   '@mapbox/node-pre-gyp': [ '2.0.3' ],
1819 silly audit   '@rollup/pluginutils': [ '5.3.0' ],
1819 silly audit   acorn: [ '8.16.0' ],
1819 silly audit   'acorn-import-attributes': [ '1.9.5' ],
1819 silly audit   'async-sema': [ '3.1.1' ],
1819 silly audit   bindings: [ '1.5.0' ],
1819 silly audit   'estree-walker': [ '2.0.2' ],
1819 silly audit   glob: [ '13.0.6' ],
1819 silly audit   'graceful-fs': [ '4.2.11' ],
1819 silly audit   'node-gyp-build': [ '4.8.4' ],
1819 silly audit   picomatch: [ '4.0.4', '2.3.2' ],
1819 silly audit   'resolve-from': [ '5.0.0' ],
1819 silly audit   consola: [ '3.4.2' ],
1819 silly audit   'detect-libc': [ '2.1.2' ],
1819 silly audit   'https-proxy-agent': [ '7.0.6' ],
1819 silly audit   nopt: [ '8.1.0' ],
1819 silly audit   '@types/estree': [ '1.0.8' ],
1819 silly audit   '@edge-runtime/node-utils': [ '2.3.0' ],
1819 silly audit   '@edge-runtime/primitives': [ '4.1.0' ],
1819 silly audit   '@edge-runtime/vm': [ '3.2.0' ],
1819 silly audit   '@types/node': [ '20.11.0' ],
1819 silly audit   '@vercel/error-utils': [ '2.0.3' ],
1819 silly audit   'cjs-module-lexer': [ '1.2.3' ],
1819 silly audit   'edge-runtime': [ '2.5.9' ],
1819 silly audit   'es-module-lexer': [ '1.4.1' ],
1819 silly audit   etag: [ '1.8.1' ],
1819 silly audit   'mime-types': [ '2.1.35' ],
1819 silly audit   'undici-types': [ '5.26.5' ],
1819 silly audit   '@bytecodealliance/preview2-shim': [ '0.17.6' ],
1819 silly audit   '@renovatebot/pep440': [ '4.2.1' ],
1819 silly audit   'js-yaml': [ '4.1.1' ],
1819 silly audit   minimatch: [ '10.1.1', '10.2.4', '3.1.5' ],
1819 silly audit   'smol-toml': [ '1.5.2' ],
1819 silly audit   '@iarna/toml': [ '2.2.5' ],
1819 silly audit   '@vercel/gatsby-plugin-vercel-analytics': [ '1.0.11' ],
1819 silly audit   '@vercel/gatsby-plugin-vercel-builder': [ '2.1.2' ],
1819 silly audit   'web-vitals': [ '0.2.4' ],
1819 silly audit   '@sinclair/typebox': [ '0.25.24' ],
1819 silly audit   ajv: [ '8.6.3' ],
1819 silly audit   'json-schema-to-ts': [ '1.6.4' ],
1819 silly audit   'fast-deep-equal': [ '3.1.3' ],
1819 silly audit   'json-schema-traverse': [ '1.0.0' ],
1819 silly audit   'require-from-string': [ '2.0.2' ],
1819 silly audit   'uri-js': [ '4.4.1' ],
1819 silly audit   retry: [ '0.13.1' ],
1819 silly audit   'file-uri-to-path': [ '1.0.0' ],
1819 silly audit   readdirp: [ '4.1.2' ],
1819 silly audit   '@edge-runtime/format': [ '2.2.1' ],
1819 silly audit   '@edge-runtime/ponyfill': [ '2.4.2' ],
1819 silly audit   mri: [ '1.2.0' ],
1819 silly audit   picocolors: [ '1.0.0' ],
1819 silly audit   'pretty-ms': [ '7.0.1' ],
1819 silly audit   'signal-exit': [ '4.0.2', '3.0.7' ],
1819 silly audit   'time-span': [ '4.0.0' ],
1819 silly audit   '@esbuild/aix-ppc64': [ '0.27.0' ],
1819 silly audit   '@esbuild/android-arm': [ '0.27.0' ],
1819 silly audit   '@esbuild/android-arm64': [ '0.27.0' ],
1819 silly audit   '@esbuild/android-x64': [ '0.27.0' ],
1819 silly audit   '@esbuild/darwin-arm64': [ '0.27.0' ],
1819 silly audit   '@esbuild/darwin-x64': [ '0.27.0' ],
1819 silly audit   '@esbuild/freebsd-arm64': [ '0.27.0' ],
1819 silly audit   '@esbuild/freebsd-x64': [ '0.27.0' ],
1819 silly audit   '@esbuild/linux-arm': [ '0.27.0' ],
1819 silly audit   '@esbuild/linux-arm64': [ '0.27.0' ],
1819 silly audit   '@esbuild/linux-ia32': [ '0.27.0' ],
1819 silly audit   '@esbuild/linux-loong64': [ '0.27.0' ],
1819 silly audit   '@esbuild/linux-mips64el': [ '0.27.0' ],
1819 silly audit   '@esbuild/linux-ppc64': [ '0.27.0' ],
1819 silly audit   '@esbuild/linux-riscv64': [ '0.27.0' ],
1819 silly audit   '@esbuild/linux-s390x': [ '0.27.0' ],
1819 silly audit   '@esbuild/linux-x64': [ '0.27.0' ],
1819 silly audit   '@esbuild/netbsd-arm64': [ '0.27.0' ],
1819 silly audit   '@esbuild/netbsd-x64': [ '0.27.0' ],
1819 silly audit   '@esbuild/openbsd-arm64': [ '0.27.0' ],
1819 silly audit   '@esbuild/openbsd-x64': [ '0.27.0' ],
1819 silly audit   '@esbuild/openharmony-arm64': [ '0.27.0' ],
1819 silly audit   '@esbuild/sunos-x64': [ '0.27.0' ],
1819 silly audit   '@esbuild/win32-arm64': [ '0.27.0' ],
1819 silly audit   '@esbuild/win32-ia32': [ '0.27.0' ],
1819 silly audit   '@esbuild/win32-x64': [ '0.27.0' ],
1819 silly audit   'cross-spawn': [ '7.0.6' ],
1819 silly audit   'get-stream': [ '5.2.0', '6.0.1' ],
1819 silly audit   'human-signals': [ '1.1.1', '2.1.0' ],
1819 silly audit   'is-stream': [ '2.0.1' ],
1819 silly audit   'merge-stream': [ '2.0.0' ],
1819 silly audit   'npm-run-path': [ '4.0.1' ],
1819 silly audit   onetime: [ '5.1.2' ],
1819 silly audit   'p-finally': [ '2.0.1' ],
1819 silly audit   'strip-final-newline': [ '2.0.0' ],
1819 silly audit   'path-key': [ '3.1.1' ],
1819 silly audit   'shebang-command': [ '2.0.0' ],
1819 silly audit   which: [ '2.0.2' ],
1819 silly audit   asynckit: [ '0.4.0' ],
1819 silly audit   'combined-stream': [ '1.0.8' ],
1819 silly audit   'es-set-tostringtag': [ '2.1.0' ],
1819 silly audit   hasown: [ '2.0.2' ],
1819 silly audit   'delayed-stream': [ '1.0.0' ],
1819 silly audit   'es-errors': [ '1.3.0' ],
1819 silly audit   'get-intrinsic': [ '1.3.0' ],
1819 silly audit   'has-tostringtag': [ '1.0.2' ],
1819 silly audit   jsonfile: [ '6.2.0' ],
1819 silly audit   universalify: [ '2.0.1' ],
1819 silly audit   'call-bind-apply-helpers': [ '1.0.2' ],
1819 silly audit   'es-define-property': [ '1.0.1' ],
1819 silly audit   'es-object-atoms': [ '1.1.1' ],
1819 silly audit   'function-bind': [ '1.1.2' ],
1819 silly audit   'get-proto': [ '1.0.1' ],
1819 silly audit   gopd: [ '1.2.0' ],
1819 silly audit   'has-symbols': [ '1.1.0' ],
1819 silly audit   'math-intrinsics': [ '1.1.0' ],
1819 silly audit   'dunder-proto': [ '1.0.1' ],
1819 silly audit   pump: [ '3.0.4' ],
1819 silly audit   minipass: [ '7.1.3' ],
1819 silly audit   'path-scurry': [ '2.0.2' ],
1819 silly audit   'agent-base': [ '7.1.4' ],
1819 silly audit   argparse: [ '2.0.1' ],
1819 silly audit   '@types/json-schema': [ '7.0.15' ],
1819 silly audit   'ts-toolbelt': [ '6.15.5' ],
1819 silly audit   arg: [ '4.1.0' ],
1819 silly audit   'content-type': [ '1.0.4' ],
1819 silly audit   'raw-body': [ '2.4.1' ],
1819 silly audit   'mime-db': [ '1.52.0' ],
1819 silly audit   '@isaacs/brace-expansion': [ '5.0.1' ],
1819 silly audit   '@isaacs/balanced-match': [ '4.0.1' ],
1819 silly audit   'whatwg-url': [ '5.0.0' ],
1819 silly audit   abbrev: [ '3.0.1' ],
1819 silly audit   'mimic-fn': [ '2.1.0' ],
1819 silly audit   '@oxc-transform/binding-android-arm-eabi': [ '0.111.0' ],
1819 silly audit   '@oxc-transform/binding-android-arm64': [ '0.111.0' ],
1819 silly audit   '@oxc-transform/binding-darwin-arm64': [ '0.111.0' ],
1819 silly audit   '@oxc-transform/binding-darwin-x64': [ '0.111.0' ],
1819 silly audit   '@oxc-transform/binding-freebsd-x64': [ '0.111.0' ],
1819 silly audit   '@oxc-transform/binding-linux-arm-gnueabihf': [ '0.111.0' ],
1819 silly audit   '@oxc-transform/binding-linux-arm-musleabihf': [ '0.111.0' ],
1819 silly audit   '@oxc-transform/binding-linux-arm64-gnu': [ '0.111.0' ],
1819 silly audit   '@oxc-transform/binding-linux-arm64-musl': [ '0.111.0' ],
1819 silly audit   '@oxc-transform/binding-linux-ppc64-gnu': [ '0.111.0' ],
1819 silly audit   '@oxc-transform/binding-linux-riscv64-gnu': [ '0.111.0' ],
1819 silly audit   '@oxc-transform/binding-linux-riscv64-musl': [ '0.111.0' ],
1819 silly audit   '@oxc-transform/binding-linux-s390x-gnu': [ '0.111.0' ],
1819 silly audit   '@oxc-transform/binding-linux-x64-gnu': [ '0.111.0' ],
1819 silly audit   '@oxc-transform/binding-linux-x64-musl': [ '0.111.0' ],
1819 silly audit   '@oxc-transform/binding-openharmony-arm64': [ '0.111.0' ],
1819 silly audit   '@oxc-transform/binding-wasm32-wasi': [ '0.111.0' ],
1819 silly audit   '@oxc-transform/binding-win32-arm64-msvc': [ '0.111.0' ],
1819 silly audit   '@oxc-transform/binding-win32-ia32-msvc': [ '0.111.0' ],
1819 silly audit   '@oxc-transform/binding-win32-x64-msvc': [ '0.111.0' ],
1819 silly audit   '@napi-rs/wasm-runtime': [ '1.1.1' ],
1819 silly audit   '@emnapi/core': [ '1.9.1' ],
1819 silly audit   '@emnapi/runtime': [ '1.9.1' ],
1819 silly audit   '@tybys/wasm-util': [ '0.10.1' ],
1819 silly audit   '@emnapi/wasi-threads': [ '1.2.0' ],
1819 silly audit   tslib: [ '2.8.1' ],
1819 silly audit   'lru-cache': [ '11.2.7', '7.18.3', '6.0.0' ],
1819 silly audit   'parse-ms': [ '2.1.0' ],
1819 silly audit   'http-proxy-agent': [ '7.0.2' ],
1819 silly audit   'pac-proxy-agent': [ '7.2.0' ],
1819 silly audit   'proxy-from-env': [ '1.1.0' ],
1819 silly audit   'socks-proxy-agent': [ '8.0.5' ],
1819 silly audit   '@tootallnate/quickjs-emscripten': [ '0.23.0' ],
1819 silly audit   'get-uri': [ '6.0.5' ],
1819 silly audit   'pac-resolver': [ '7.0.1' ],
1819 silly audit   'basic-ftp': [ '5.2.0' ],
1819 silly audit   'data-uri-to-buffer': [ '6.0.2' ],
1819 silly audit   degenerator: [ '5.0.1' ],
1819 silly audit   netmask: [ '2.0.2' ],
1819 silly audit   'ast-types': [ '0.13.4' ],
1819 silly audit   escodegen: [ '2.1.0' ],
1819 silly audit   esprima: [ '4.0.1' ],
1819 silly audit   estraverse: [ '5.3.0' ],
1819 silly audit   esutils: [ '2.0.3' ],
1819 silly audit   'source-map': [ '0.6.1' ],
1819 silly audit   'end-of-stream': [ '1.4.5', '1.1.0' ],
1819 silly audit   once: [ '1.4.0', '1.3.3' ],
1819 silly audit   wrappy: [ '1.0.2' ],
1819 silly audit   bytes: [ '3.1.0' ],
1819 silly audit   'http-errors': [ '1.7.3' ],
1819 silly audit   'iconv-lite': [ '0.4.24' ],
1819 silly audit   unpipe: [ '1.0.0' ],
1819 silly audit   depd: [ '1.1.2' ],
1819 silly audit   inherits: [ '2.0.4' ],
1819 silly audit   setprototypeof: [ '1.1.1' ],
1819 silly audit   statuses: [ '1.5.0' ],
1819 silly audit   toidentifier: [ '1.0.0' ],
1819 silly audit   'safer-buffer': [ '2.1.2' ],
1819 silly audit   '@oxc-project/types': [ '0.110.0' ],
1819 silly audit   '@rolldown/binding-android-arm64': [ '1.0.0-rc.1' ],
1819 silly audit   '@rolldown/binding-darwin-arm64': [ '1.0.0-rc.1' ],
1819 silly audit   '@rolldown/binding-darwin-x64': [ '1.0.0-rc.1' ],
1819 silly audit   '@rolldown/binding-freebsd-x64': [ '1.0.0-rc.1' ],
1819 silly audit   '@rolldown/binding-linux-arm-gnueabihf': [ '1.0.0-rc.1' ],
1819 silly audit   '@rolldown/binding-linux-arm64-gnu': [ '1.0.0-rc.1' ],
1819 silly audit   '@rolldown/binding-linux-arm64-musl': [ '1.0.0-rc.1' ],
1819 silly audit   '@rolldown/binding-linux-x64-gnu': [ '1.0.0-rc.1' ],
1819 silly audit   '@rolldown/binding-linux-x64-musl': [ '1.0.0-rc.1' ],
1819 silly audit   '@rolldown/binding-openharmony-arm64': [ '1.0.0-rc.1' ],
1819 silly audit   '@rolldown/binding-wasm32-wasi': [ '1.0.0-rc.1' ],
1819 silly audit   '@rolldown/binding-win32-arm64-msvc': [ '1.0.0-rc.1' ],
1819 silly audit   '@rolldown/binding-win32-x64-msvc': [ '1.0.0-rc.1' ],
1819 silly audit   '@rolldown/pluginutils': [ '1.0.0-rc.1' ],
1819 silly audit   'shebang-regex': [ '3.0.0' ],
1819 silly audit   socks: [ '2.8.7' ],
1819 silly audit   'ip-address': [ '10.1.0' ],
1819 silly audit   'smart-buffer': [ '4.2.0' ],
1819 silly audit   'cookie-es': [ '2.0.0' ],
1819 silly audit   'any-promise': [ '1.3.0' ],
1819 silly audit   'stream-to-array': [ '2.3.0' ],
1819 silly audit   '@isaacs/fs-minipass': [ '4.0.1' ],
1819 silly audit   chownr: [ '3.0.0' ],
1819 silly audit   minizlib: [ '3.1.0' ],
1819 silly audit   yallist: [ '5.0.0', '4.0.0' ],
1819 silly audit   'convert-hrtime': [ '3.0.0' ],
1819 silly audit   '@ts-morph/common': [ '0.11.1' ],
1819 silly audit   'code-block-writer': [ '10.1.1' ],
1819 silly audit   'fast-glob': [ '3.3.3' ],
1819 silly audit   mkdirp: [ '1.0.4' ],
1819 silly audit   'path-browserify': [ '1.0.1' ],
1819 silly audit   '@nodelib/fs.stat': [ '2.0.5' ],
1819 silly audit   '@nodelib/fs.walk': [ '1.2.8' ],
1819 silly audit   'glob-parent': [ '5.1.2' ],
1819 silly audit   merge2: [ '1.4.1' ],
1819 silly audit   micromatch: [ '4.0.8' ],
1819 silly audit   '@nodelib/fs.scandir': [ '2.1.5' ],
1819 silly audit   fastq: [ '1.20.1' ],
1819 silly audit   'run-parallel': [ '1.2.0' ],
1819 silly audit   reusify: [ '1.1.0' ],
1819 silly audit   'is-glob': [ '4.0.3' ],
1819 silly audit   'is-extglob': [ '2.1.1' ],
1819 silly audit   braces: [ '3.0.3' ],
1819 silly audit   'fill-range': [ '7.1.1' ],
1819 silly audit   'to-regex-range': [ '5.0.1' ],
1819 silly audit   'queue-microtask': [ '1.2.3' ],
1819 silly audit   'is-number': [ '7.0.0' ],
1819 silly audit   fsevents: [ '2.3.3' ],
1819 silly audit   'get-tsconfig': [ '4.13.7' ],
1819 silly audit   'resolve-pkg-maps': [ '1.0.0' ],
1819 silly audit   punycode: [ '2.3.1' ],
1819 silly audit   tr46: [ '0.0.3' ],
1819 silly audit   'webidl-conversions': [ '3.0.1' ],
1819 silly audit   isexe: [ '2.0.0' ],
1819 silly audit   'xdg-portable': [ '7.3.0' ],
1819 silly audit   'os-paths': [ '4.4.0' ],
1819 silly audit   yauzl: [ '2.10.0' ],
1819 silly audit   'yauzl-clone': [ '1.0.4' ],
1819 silly audit   'buffer-crc32': [ '0.2.13' ],
1819 silly audit   'fd-slicer': [ '1.1.0' ],
1819 silly audit   pend: [ '1.2.0' ],
1819 silly audit   'events-intercept': [ '2.0.0' ],
1819 silly audit   'brace-expansion': [ '1.1.12', '5.0.4' ],
1819 silly audit   'balanced-match': [ '1.0.2', '4.0.4' ],
1819 silly audit   'concat-map': [ '0.0.1' ],
1819 silly audit   '@fastify/busboy': [ '2.1.1' ]
1819 silly audit }
1820 http cache @fastify/busboy@https://registry.npmjs.org/@fastify/busboy/-/busboy-2.1.1.tgz 0ms (cache hit)
1821 http cache concat-map@https://registry.npmjs.org/concat-map/-/concat-map-0.0.1.tgz 0ms (cache hit)
1822 http cache balanced-match@https://registry.npmjs.org/balanced-match/-/balanced-match-1.0.2.tgz 0ms (cache hit)
1823 http cache events-intercept@https://registry.npmjs.org/events-intercept/-/events-intercept-2.0.0.tgz 0ms (cache hit)
1824 http cache brace-expansion@https://registry.npmjs.org/brace-expansion/-/brace-expansion-1.1.12.tgz 0ms (cache hit)
1825 http cache pend@https://registry.npmjs.org/pend/-/pend-1.2.0.tgz 0ms (cache hit)
1826 http cache fd-slicer@https://registry.npmjs.org/fd-slicer/-/fd-slicer-1.1.0.tgz 0ms (cache hit)
1827 http cache yauzl-clone@https://registry.npmjs.org/yauzl-clone/-/yauzl-clone-1.0.4.tgz 0ms (cache hit)
1828 http cache xdg-portable@https://registry.npmjs.org/xdg-portable/-/xdg-portable-7.3.0.tgz 0ms (cache hit)
1829 http cache buffer-crc32@https://registry.npmjs.org/buffer-crc32/-/buffer-crc32-0.2.13.tgz 0ms (cache hit)
1830 http cache os-paths@https://registry.npmjs.org/os-paths/-/os-paths-4.4.0.tgz 0ms (cache hit)
1831 http cache webidl-conversions@https://registry.npmjs.org/webidl-conversions/-/webidl-conversions-3.0.1.tgz 0ms (cache hit)
1832 http cache isexe@https://registry.npmjs.org/isexe/-/isexe-2.0.0.tgz 0ms (cache hit)
1833 http cache yauzl@https://registry.npmjs.org/yauzl/-/yauzl-2.10.0.tgz 0ms (cache hit)
1834 http cache punycode@https://registry.npmjs.org/punycode/-/punycode-2.3.1.tgz 0ms (cache hit)
1835 http cache resolve-pkg-maps@https://registry.npmjs.org/resolve-pkg-maps/-/resolve-pkg-maps-1.0.0.tgz 0ms (cache hit)
1836 http cache tr46@https://registry.npmjs.org/tr46/-/tr46-0.0.3.tgz 0ms (cache hit)
1837 http cache get-tsconfig@https://registry.npmjs.org/get-tsconfig/-/get-tsconfig-4.13.7.tgz 0ms (cache hit)
1838 http cache queue-microtask@https://registry.npmjs.org/queue-microtask/-/queue-microtask-1.2.3.tgz 0ms (cache hit)
1839 http cache is-number@https://registry.npmjs.org/is-number/-/is-number-7.0.0.tgz 0ms (cache hit)
1840 http cache to-regex-range@https://registry.npmjs.org/to-regex-range/-/to-regex-range-5.0.1.tgz 0ms (cache hit)
1841 http cache is-extglob@https://registry.npmjs.org/is-extglob/-/is-extglob-2.1.1.tgz 0ms (cache hit)
1842 http cache braces@https://registry.npmjs.org/braces/-/braces-3.0.3.tgz 0ms (cache hit)
1843 http cache is-glob@https://registry.npmjs.org/is-glob/-/is-glob-4.0.3.tgz 0ms (cache hit)
1844 http cache fill-range@https://registry.npmjs.org/fill-range/-/fill-range-7.1.1.tgz 0ms (cache hit)
1845 http cache @nodelib/fs.scandir@https://registry.npmjs.org/@nodelib/fs.scandir/-/fs.scandir-2.1.5.tgz 0ms (cache hit)
1846 http cache reusify@https://registry.npmjs.org/reusify/-/reusify-1.1.0.tgz 0ms (cache hit)
1847 http cache run-parallel@https://registry.npmjs.org/run-parallel/-/run-parallel-1.2.0.tgz 0ms (cache hit)
1848 http cache @nodelib/fs.walk@https://registry.npmjs.org/@nodelib/fs.walk/-/fs.walk-1.2.8.tgz 0ms (cache hit)
1849 http cache fastq@https://registry.npmjs.org/fastq/-/fastq-1.20.1.tgz 0ms (cache hit)
1850 http cache micromatch@https://registry.npmjs.org/micromatch/-/micromatch-4.0.8.tgz 0ms (cache hit)
1851 http cache @nodelib/fs.stat@https://registry.npmjs.org/@nodelib/fs.stat/-/fs.stat-2.0.5.tgz 0ms (cache hit)
1852 http cache merge2@https://registry.npmjs.org/merge2/-/merge2-1.4.1.tgz 0ms (cache hit)
1853 http cache mkdirp@https://registry.npmjs.org/mkdirp/-/mkdirp-1.0.4.tgz 0ms (cache hit)
1854 http cache glob-parent@https://registry.npmjs.org/glob-parent/-/glob-parent-5.1.2.tgz 0ms (cache hit)
1855 http cache path-browserify@https://registry.npmjs.org/path-browserify/-/path-browserify-1.0.1.tgz 0ms (cache hit)
1856 http cache @ts-morph/common@https://registry.npmjs.org/@ts-morph/common/-/common-0.11.1.tgz 0ms (cache hit)
1857 http cache fast-glob@https://registry.npmjs.org/fast-glob/-/fast-glob-3.3.3.tgz 0ms (cache hit)
1858 http cache code-block-writer@https://registry.npmjs.org/code-block-writer/-/code-block-writer-10.1.1.tgz 0ms (cache hit)
1859 http cache convert-hrtime@https://registry.npmjs.org/convert-hrtime/-/convert-hrtime-3.0.0.tgz 0ms (cache hit)
1860 http cache @isaacs/fs-minipass@https://registry.npmjs.org/@isaacs/fs-minipass/-/fs-minipass-4.0.1.tgz 0ms (cache hit)
1861 http cache yallist@https://registry.npmjs.org/yallist/-/yallist-5.0.0.tgz 0ms (cache hit)
1862 http cache minizlib@https://registry.npmjs.org/minizlib/-/minizlib-3.1.0.tgz 0ms (cache hit)
1863 http cache any-promise@https://registry.npmjs.org/any-promise/-/any-promise-1.3.0.tgz 0ms (cache hit)
1864 http cache chownr@https://registry.npmjs.org/chownr/-/chownr-3.0.0.tgz 0ms (cache hit)
1865 http cache stream-to-array@https://registry.npmjs.org/stream-to-array/-/stream-to-array-2.3.0.tgz 0ms (cache hit)
1866 http cache cookie-es@https://registry.npmjs.org/cookie-es/-/cookie-es-2.0.0.tgz 0ms (cache hit)
1867 http cache @rolldown/pluginutils@https://registry.npmjs.org/@rolldown/pluginutils/-/pluginutils-1.0.0-rc.1.tgz 0ms (cache hit)
1868 http cache @rolldown/binding-win32-x64-msvc@https://registry.npmjs.org/@rolldown/binding-win32-x64-msvc/-/binding-win32-x64-msvc-1.0.0-rc.1.tgz 0ms (cache hit)
1869 http cache ip-address@https://registry.npmjs.org/ip-address/-/ip-address-10.1.0.tgz 0ms (cache hit)
1870 http cache smart-buffer@https://registry.npmjs.org/smart-buffer/-/smart-buffer-4.2.0.tgz 0ms (cache hit)
1871 http cache shebang-regex@https://registry.npmjs.org/shebang-regex/-/shebang-regex-3.0.0.tgz 0ms (cache hit)
1872 http cache @oxc-project/types@https://registry.npmjs.org/@oxc-project/types/-/types-0.110.0.tgz 0ms (cache hit)
1873 http cache socks@https://registry.npmjs.org/socks/-/socks-2.8.7.tgz 0ms (cache hit)
1874 http cache toidentifier@https://registry.npmjs.org/toidentifier/-/toidentifier-1.0.0.tgz 0ms (cache hit)
1875 http cache safer-buffer@https://registry.npmjs.org/safer-buffer/-/safer-buffer-2.1.2.tgz 0ms (cache hit)
1876 http cache setprototypeof@https://registry.npmjs.org/setprototypeof/-/setprototypeof-1.1.1.tgz 0ms (cache hit)
1877 http cache statuses@https://registry.npmjs.org/statuses/-/statuses-1.5.0.tgz 0ms (cache hit)
1878 http cache inherits@https://registry.npmjs.org/inherits/-/inherits-2.0.4.tgz 0ms (cache hit)
1879 http cache iconv-lite@https://registry.npmjs.org/iconv-lite/-/iconv-lite-0.4.24.tgz 0ms (cache hit)
1880 http cache depd@https://registry.npmjs.org/depd/-/depd-1.1.2.tgz 0ms (cache hit)
1881 http cache unpipe@https://registry.npmjs.org/unpipe/-/unpipe-1.0.0.tgz 0ms (cache hit)
1882 http cache http-errors@https://registry.npmjs.org/http-errors/-/http-errors-1.7.3.tgz 0ms (cache hit)
1883 http cache bytes@https://registry.npmjs.org/bytes/-/bytes-3.1.0.tgz 0ms (cache hit)
1884 http cache wrappy@https://registry.npmjs.org/wrappy/-/wrappy-1.0.2.tgz 0ms (cache hit)
1885 http cache once@https://registry.npmjs.org/once/-/once-1.4.0.tgz 0ms (cache hit)
1886 http cache source-map@https://registry.npmjs.org/source-map/-/source-map-0.6.1.tgz 0ms (cache hit)
1887 http cache estraverse@https://registry.npmjs.org/estraverse/-/estraverse-5.3.0.tgz 0ms (cache hit)
1888 http cache end-of-stream@https://registry.npmjs.org/end-of-stream/-/end-of-stream-1.4.5.tgz 0ms (cache hit)
1889 http cache esutils@https://registry.npmjs.org/esutils/-/esutils-2.0.3.tgz 0ms (cache hit)
1890 http cache esprima@https://registry.npmjs.org/esprima/-/esprima-4.0.1.tgz 0ms (cache hit)
1891 http cache escodegen@https://registry.npmjs.org/escodegen/-/escodegen-2.1.0.tgz 0ms (cache hit)
1892 http cache ast-types@https://registry.npmjs.org/ast-types/-/ast-types-0.13.4.tgz 0ms (cache hit)
1893 http cache netmask@https://registry.npmjs.org/netmask/-/netmask-2.0.2.tgz 0ms (cache hit)
1894 http cache degenerator@https://registry.npmjs.org/degenerator/-/degenerator-5.0.1.tgz 0ms (cache hit)
1895 http cache basic-ftp@https://registry.npmjs.org/basic-ftp/-/basic-ftp-5.2.0.tgz 0ms (cache hit)
1896 http cache data-uri-to-buffer@https://registry.npmjs.org/data-uri-to-buffer/-/data-uri-to-buffer-6.0.2.tgz 0ms (cache hit)
1897 http cache pac-resolver@https://registry.npmjs.org/pac-resolver/-/pac-resolver-7.0.1.tgz 0ms (cache hit)
1898 http cache @tootallnate/quickjs-emscripten@https://registry.npmjs.org/@tootallnate/quickjs-emscripten/-/quickjs-emscripten-0.23.0.tgz 0ms (cache hit)
1899 http cache proxy-from-env@https://registry.npmjs.org/proxy-from-env/-/proxy-from-env-1.1.0.tgz 0ms (cache hit)
1900 http cache get-uri@https://registry.npmjs.org/get-uri/-/get-uri-6.0.5.tgz 0ms (cache hit)
1901 http cache socks-proxy-agent@https://registry.npmjs.org/socks-proxy-agent/-/socks-proxy-agent-8.0.5.tgz 0ms (cache hit)
1902 http cache parse-ms@https://registry.npmjs.org/parse-ms/-/parse-ms-2.1.0.tgz 0ms (cache hit)
1903 http cache pac-proxy-agent@https://registry.npmjs.org/pac-proxy-agent/-/pac-proxy-agent-7.2.0.tgz 0ms (cache hit)
1904 http cache lru-cache@https://registry.npmjs.org/lru-cache/-/lru-cache-11.2.7.tgz 0ms (cache hit)
1905 http cache http-proxy-agent@https://registry.npmjs.org/http-proxy-agent/-/http-proxy-agent-7.0.2.tgz 0ms (cache hit)
1906 http cache tslib@https://registry.npmjs.org/tslib/-/tslib-2.8.1.tgz 0ms (cache hit)
1907 http cache @tybys/wasm-util@https://registry.npmjs.org/@tybys/wasm-util/-/wasm-util-0.10.1.tgz 0ms (cache hit)
1908 http cache @emnapi/runtime@https://registry.npmjs.org/@emnapi/runtime/-/runtime-1.9.1.tgz 0ms (cache hit)
1909 http cache @napi-rs/wasm-runtime@https://registry.npmjs.org/@napi-rs/wasm-runtime/-/wasm-runtime-1.1.1.tgz 0ms (cache hit)
1910 http cache @emnapi/core@https://registry.npmjs.org/@emnapi/core/-/core-1.9.1.tgz 0ms (cache hit)
1911 http cache @oxc-transform/binding-win32-x64-msvc@https://registry.npmjs.org/@oxc-transform/binding-win32-x64-msvc/-/binding-win32-x64-msvc-0.111.0.tgz 0ms (cache hit)
1912 http cache mimic-fn@https://registry.npmjs.org/mimic-fn/-/mimic-fn-2.1.0.tgz 0ms (cache hit)
1913 http cache @isaacs/balanced-match@https://registry.npmjs.org/@isaacs/balanced-match/-/balanced-match-4.0.1.tgz 0ms (cache hit)
1914 http cache @isaacs/brace-expansion@https://registry.npmjs.org/@isaacs/brace-expansion/-/brace-expansion-5.0.1.tgz 0ms (cache hit)
1915 http cache @emnapi/wasi-threads@https://registry.npmjs.org/@emnapi/wasi-threads/-/wasi-threads-1.2.0.tgz 0ms (cache hit)
1916 http cache whatwg-url@https://registry.npmjs.org/whatwg-url/-/whatwg-url-5.0.0.tgz 0ms (cache hit)
1917 http cache abbrev@https://registry.npmjs.org/abbrev/-/abbrev-3.0.1.tgz 0ms (cache hit)
1918 http cache mime-db@https://registry.npmjs.org/mime-db/-/mime-db-1.52.0.tgz 0ms (cache hit)
1919 http cache raw-body@https://registry.npmjs.org/raw-body/-/raw-body-2.4.1.tgz 0ms (cache hit)
1920 http cache arg@https://registry.npmjs.org/arg/-/arg-4.1.0.tgz 0ms (cache hit)
1921 http cache @types/json-schema@https://registry.npmjs.org/@types/json-schema/-/json-schema-7.0.15.tgz 0ms (cache hit)
1922 http cache content-type@https://registry.npmjs.org/content-type/-/content-type-1.0.4.tgz 0ms (cache hit)
1923 http cache ts-toolbelt@https://registry.npmjs.org/ts-toolbelt/-/ts-toolbelt-6.15.5.tgz 0ms (cache hit)
1924 http cache argparse@https://registry.npmjs.org/argparse/-/argparse-2.0.1.tgz 0ms (cache hit)
1925 http cache pump@https://registry.npmjs.org/pump/-/pump-3.0.4.tgz 0ms (cache hit)
1926 http cache minipass@https://registry.npmjs.org/minipass/-/minipass-7.1.3.tgz 0ms (cache hit)
1927 http cache path-scurry@https://registry.npmjs.org/path-scurry/-/path-scurry-2.0.2.tgz 0ms (cache hit)
1928 http cache agent-base@https://registry.npmjs.org/agent-base/-/agent-base-7.1.4.tgz 0ms (cache hit)
1929 http cache dunder-proto@https://registry.npmjs.org/dunder-proto/-/dunder-proto-1.0.1.tgz 0ms (cache hit)
1930 http cache math-intrinsics@https://registry.npmjs.org/math-intrinsics/-/math-intrinsics-1.1.0.tgz 0ms (cache hit)
1931 http cache has-symbols@https://registry.npmjs.org/has-symbols/-/has-symbols-1.1.0.tgz 0ms (cache hit)
1932 http cache get-proto@https://registry.npmjs.org/get-proto/-/get-proto-1.0.1.tgz 0ms (cache hit)
1933 http cache gopd@https://registry.npmjs.org/gopd/-/gopd-1.2.0.tgz 0ms (cache hit)
1934 http cache function-bind@https://registry.npmjs.org/function-bind/-/function-bind-1.1.2.tgz 0ms (cache hit)
1935 http cache es-object-atoms@https://registry.npmjs.org/es-object-atoms/-/es-object-atoms-1.1.1.tgz 0ms (cache hit)
1936 http cache es-define-property@https://registry.npmjs.org/es-define-property/-/es-define-property-1.0.1.tgz 0ms (cache hit)
1937 http cache call-bind-apply-helpers@https://registry.npmjs.org/call-bind-apply-helpers/-/call-bind-apply-helpers-1.0.2.tgz 0ms (cache hit)
1938 http cache has-tostringtag@https://registry.npmjs.org/has-tostringtag/-/has-tostringtag-1.0.2.tgz 0ms (cache hit)
1939 http cache jsonfile@https://registry.npmjs.org/jsonfile/-/jsonfile-6.2.0.tgz 0ms (cache hit)
1940 http cache universalify@https://registry.npmjs.org/universalify/-/universalify-2.0.1.tgz 0ms (cache hit)
1941 http cache get-intrinsic@https://registry.npmjs.org/get-intrinsic/-/get-intrinsic-1.3.0.tgz 0ms (cache hit)
1942 http cache es-errors@https://registry.npmjs.org/es-errors/-/es-errors-1.3.0.tgz 0ms (cache hit)
1943 http cache delayed-stream@https://registry.npmjs.org/delayed-stream/-/delayed-stream-1.0.0.tgz 0ms (cache hit)
1944 http cache es-set-tostringtag@https://registry.npmjs.org/es-set-tostringtag/-/es-set-tostringtag-2.1.0.tgz 0ms (cache hit)
1945 http cache combined-stream@https://registry.npmjs.org/combined-stream/-/combined-stream-1.0.8.tgz 0ms (cache hit)
1946 http cache hasown@https://registry.npmjs.org/hasown/-/hasown-2.0.2.tgz 0ms (cache hit)
1947 http cache asynckit@https://registry.npmjs.org/asynckit/-/asynckit-0.4.0.tgz 0ms (cache hit)
1948 http cache which@https://registry.npmjs.org/which/-/which-2.0.2.tgz 0ms (cache hit)
1949 http cache shebang-command@https://registry.npmjs.org/shebang-command/-/shebang-command-2.0.0.tgz 0ms (cache hit)
1950 http cache path-key@https://registry.npmjs.org/path-key/-/path-key-3.1.1.tgz 0ms (cache hit)
1951 http cache strip-final-newline@https://registry.npmjs.org/strip-final-newline/-/strip-final-newline-2.0.0.tgz 0ms (cache hit)
1952 http cache onetime@https://registry.npmjs.org/onetime/-/onetime-5.1.2.tgz 0ms (cache hit)
1953 http cache p-finally@https://registry.npmjs.org/p-finally/-/p-finally-2.0.1.tgz 0ms (cache hit)
1954 http cache is-stream@https://registry.npmjs.org/is-stream/-/is-stream-2.0.1.tgz 0ms (cache hit)
1955 http cache npm-run-path@https://registry.npmjs.org/npm-run-path/-/npm-run-path-4.0.1.tgz 0ms (cache hit)
1956 http cache merge-stream@https://registry.npmjs.org/merge-stream/-/merge-stream-2.0.0.tgz 0ms (cache hit)
1957 http cache @esbuild/win32-x64@https://registry.npmjs.org/@esbuild/win32-x64/-/win32-x64-0.27.0.tgz 0ms (cache hit)
1958 http cache human-signals@https://registry.npmjs.org/human-signals/-/human-signals-1.1.1.tgz 0ms (cache hit)
1959 http cache cross-spawn@https://registry.npmjs.org/cross-spawn/-/cross-spawn-7.0.6.tgz 0ms (cache hit)
1960 http cache get-stream@https://registry.npmjs.org/get-stream/-/get-stream-5.2.0.tgz 0ms (cache hit)
1961 http cache picocolors@https://registry.npmjs.org/picocolors/-/picocolors-1.0.0.tgz 0ms (cache hit)
1962 http cache signal-exit@https://registry.npmjs.org/signal-exit/-/signal-exit-4.0.2.tgz 0ms (cache hit)
1963 http cache time-span@https://registry.npmjs.org/time-span/-/time-span-4.0.0.tgz 0ms (cache hit)
1964 http cache mri@https://registry.npmjs.org/mri/-/mri-1.2.0.tgz 0ms (cache hit)
1965 http cache @edge-runtime/format@https://registry.npmjs.org/@edge-runtime/format/-/format-2.2.1.tgz 0ms (cache hit)
1966 http cache @edge-runtime/ponyfill@https://registry.npmjs.org/@edge-runtime/ponyfill/-/ponyfill-2.4.2.tgz 0ms (cache hit)
1967 http cache pretty-ms@https://registry.npmjs.org/pretty-ms/-/pretty-ms-7.0.1.tgz 0ms (cache hit)
1968 http cache readdirp@https://registry.npmjs.org/readdirp/-/readdirp-4.1.2.tgz 0ms (cache hit)
1969 http cache file-uri-to-path@https://registry.npmjs.org/file-uri-to-path/-/file-uri-to-path-1.0.0.tgz 0ms (cache hit)
1970 http cache retry@https://registry.npmjs.org/retry/-/retry-0.13.1.tgz 0ms (cache hit)
1971 http cache uri-js@https://registry.npmjs.org/uri-js/-/uri-js-4.4.1.tgz 0ms (cache hit)
1972 http cache require-from-string@https://registry.npmjs.org/require-from-string/-/require-from-string-2.0.2.tgz 0ms (cache hit)
1973 http cache fast-deep-equal@https://registry.npmjs.org/fast-deep-equal/-/fast-deep-equal-3.1.3.tgz 0ms (cache hit)
1974 http cache @sinclair/typebox@https://registry.npmjs.org/@sinclair/typebox/-/typebox-0.25.24.tgz 0ms (cache hit)
1975 http cache @vercel/gatsby-plugin-vercel-builder@https://registry.npmjs.org/@vercel/gatsby-plugin-vercel-builder/-/gatsby-plugin-vercel-builder-2.1.2.tgz 0ms (cache hit)
1976 http cache json-schema-to-ts@https://registry.npmjs.org/json-schema-to-ts/-/json-schema-to-ts-1.6.4.tgz 0ms (cache hit)
1977 http cache ajv@https://registry.npmjs.org/ajv/-/ajv-8.6.3.tgz 0ms (cache hit)
1978 http cache @vercel/gatsby-plugin-vercel-analytics@https://registry.npmjs.org/@vercel/gatsby-plugin-vercel-analytics/-/gatsby-plugin-vercel-analytics-1.0.11.tgz 0ms (cache hit)
1979 http cache json-schema-traverse@https://registry.npmjs.org/json-schema-traverse/-/json-schema-traverse-1.0.0.tgz 0ms (cache hit)
1980 http cache @iarna/toml@https://registry.npmjs.org/@iarna/toml/-/toml-2.2.5.tgz 0ms (cache hit)
1981 http cache @renovatebot/pep440@https://registry.npmjs.org/@renovatebot/pep440/-/pep440-4.2.1.tgz 0ms (cache hit)
1982 http cache web-vitals@https://registry.npmjs.org/web-vitals/-/web-vitals-0.2.4.tgz 0ms (cache hit)
1983 http cache @bytecodealliance/preview2-shim@https://registry.npmjs.org/@bytecodealliance/preview2-shim/-/preview2-shim-0.17.6.tgz 0ms (cache hit)
1984 http cache js-yaml@https://registry.npmjs.org/js-yaml/-/js-yaml-4.1.1.tgz 0ms (cache hit)
1985 http cache smol-toml@https://registry.npmjs.org/smol-toml/-/smol-toml-1.5.2.tgz 0ms (cache hit)
1986 http cache minimatch@https://registry.npmjs.org/minimatch/-/minimatch-10.1.1.tgz 0ms (cache hit)
1987 http cache path-to-regexp-updated@https://registry.npmjs.org/path-to-regexp/-/path-to-regexp-6.3.0.tgz 0ms (cache hit)
1988 http cache mime-types@https://registry.npmjs.org/mime-types/-/mime-types-2.1.35.tgz 0ms (cache hit)
1989 http cache etag@https://registry.npmjs.org/etag/-/etag-1.8.1.tgz 0ms (cache hit)
1990 http cache @vercel/error-utils@https://registry.npmjs.org/@vercel/error-utils/-/error-utils-2.0.3.tgz 0ms (cache hit)
1991 http cache es-module-lexer@https://registry.npmjs.org/es-module-lexer/-/es-module-lexer-1.4.1.tgz 0ms (cache hit)
1992 http cache undici-types@https://registry.npmjs.org/undici-types/-/undici-types-5.26.5.tgz 0ms (cache hit)
1993 http cache @types/node@https://registry.npmjs.org/@types/node/-/node-20.11.0.tgz 0ms (cache hit)
1994 http cache edge-runtime@https://registry.npmjs.org/edge-runtime/-/edge-runtime-2.5.9.tgz 0ms (cache hit)
1995 http cache cjs-module-lexer@https://registry.npmjs.org/cjs-module-lexer/-/cjs-module-lexer-1.2.3.tgz 0ms (cache hit)
1996 http cache @edge-runtime/primitives@https://registry.npmjs.org/@edge-runtime/primitives/-/primitives-4.1.0.tgz 0ms (cache hit)
1997 http cache @types/estree@https://registry.npmjs.org/@types/estree/-/estree-1.0.8.tgz 0ms (cache hit)
1998 http cache @edge-runtime/node-utils@https://registry.npmjs.org/@edge-runtime/node-utils/-/node-utils-2.3.0.tgz 0ms (cache hit)
1999 http cache @edge-runtime/vm@https://registry.npmjs.org/@edge-runtime/vm/-/vm-3.2.0.tgz 0ms (cache hit)
2000 http cache nopt@https://registry.npmjs.org/nopt/-/nopt-8.1.0.tgz 0ms (cache hit)
2001 http cache detect-libc@https://registry.npmjs.org/detect-libc/-/detect-libc-2.1.2.tgz 0ms (cache hit)
2002 http cache consola@https://registry.npmjs.org/consola/-/consola-3.4.2.tgz 0ms (cache hit)
2003 http cache https-proxy-agent@https://registry.npmjs.org/https-proxy-agent/-/https-proxy-agent-7.0.6.tgz 0ms (cache hit)
2004 http cache resolve-from@https://registry.npmjs.org/resolve-from/-/resolve-from-5.0.0.tgz 0ms (cache hit)
2005 http cache graceful-fs@https://registry.npmjs.org/graceful-fs/-/graceful-fs-4.2.11.tgz 0ms (cache hit)
2006 http cache picomatch@https://registry.npmjs.org/picomatch/-/picomatch-4.0.4.tgz 0ms (cache hit)
2007 http cache glob@https://registry.npmjs.org/glob/-/glob-13.0.6.tgz 0ms (cache hit)
2008 http cache acorn-import-attributes@https://registry.npmjs.org/acorn-import-attributes/-/acorn-import-attributes-1.9.5.tgz 0ms (cache hit)
2009 http cache estree-walker@https://registry.npmjs.org/estree-walker/-/estree-walker-2.0.2.tgz 0ms (cache hit)
2010 http cache bindings@https://registry.npmjs.org/bindings/-/bindings-1.5.0.tgz 0ms (cache hit)
2011 http cache acorn@https://registry.npmjs.org/acorn/-/acorn-8.16.0.tgz 0ms (cache hit)
2012 http cache @rollup/pluginutils@https://registry.npmjs.org/@rollup/pluginutils/-/pluginutils-5.3.0.tgz 0ms (cache hit)
2013 http cache @mapbox/node-pre-gyp@https://registry.npmjs.org/@mapbox/node-pre-gyp/-/node-pre-gyp-2.0.3.tgz 0ms (cache hit)
2014 http cache async-sema@https://registry.npmjs.org/async-sema/-/async-sema-3.1.1.tgz 0ms (cache hit)
2015 http cache node-gyp-build@https://registry.npmjs.org/node-gyp-build/-/node-gyp-build-4.8.4.tgz 0ms (cache hit)
2016 http cache yauzl-promise@https://registry.npmjs.org/yauzl-promise/-/yauzl-promise-2.1.3.tgz 0ms (cache hit)
2017 http cache xdg-app-paths@https://registry.npmjs.org/xdg-app-paths/-/xdg-app-paths-5.1.0.tgz 0ms (cache hit)
2018 http cache tree-kill@https://registry.npmjs.org/tree-kill/-/tree-kill-1.2.2.tgz 0ms (cache hit)
2019 http cache tinyexec@https://registry.npmjs.org/tinyexec/-/tinyexec-0.3.2.tgz 0ms (cache hit)
2020 http cache uid-promise@https://registry.npmjs.org/uid-promise/-/uid-promise-1.0.0.tgz 0ms (cache hit)
2021 http cache tar@https://registry.npmjs.org/tar/-/tar-7.5.7.tgz 0ms (cache hit)
2022 http cache stream-to-promise@https://registry.npmjs.org/stream-to-promise/-/stream-to-promise-2.2.0.tgz 0ms (cache hit)
2023 http cache semver@https://registry.npmjs.org/semver/-/semver-7.5.4.tgz 0ms (cache hit)
2024 http cache stat-mode@https://registry.npmjs.org/stat-mode/-/stat-mode-0.3.0.tgz 0ms (cache hit)
2025 http cache node-fetch@https://registry.npmjs.org/node-fetch/-/node-fetch-2.6.7.tgz 0ms (cache hit)
2026 http cache promisepipe@https://registry.npmjs.org/promisepipe/-/promisepipe-3.0.0.tgz 0ms (cache hit)
2027 http cache ms@https://registry.npmjs.org/ms/-/ms-2.1.1.tgz 0ms (cache hit)
2028 http cache generic-pool@https://registry.npmjs.org/generic-pool/-/generic-pool-3.4.2.tgz 0ms (cache hit)
2029 http cache micro@https://registry.npmjs.org/micro/-/micro-9.3.5-canary.3.tgz 0ms (cache hit)
2030 http cache async-listen@https://registry.npmjs.org/async-listen/-/async-listen-1.2.0.tgz 0ms (cache hit)
2031 http cache @tootallnate/once@https://registry.npmjs.org/@tootallnate/once/-/once-2.0.0.tgz 0ms (cache hit)
2032 http cache debug@https://registry.npmjs.org/debug/-/debug-4.3.4.tgz 0ms (cache hit)
2033 http cache @vercel/cervel@https://registry.npmjs.org/@vercel/cervel/-/cervel-0.0.36.tgz 0ms (cache hit)
2034 http cache @vercel/python-analysis@https://registry.npmjs.org/@vercel/python-analysis/-/python-analysis-0.10.1.tgz 0ms (cache hit)
2035 http cache @vercel/static-config@https://registry.npmjs.org/@vercel/static-config/-/static-config-3.2.0.tgz 0ms (cache hit)
2036 http cache throttleit@https://registry.npmjs.org/throttleit/-/throttleit-2.1.0.tgz 0ms (cache hit)
2037 http cache is-node-process@https://registry.npmjs.org/is-node-process/-/is-node-process-1.2.0.tgz 0ms (cache hit)
2038 http cache undici@https://registry.npmjs.org/undici/-/undici-6.24.1.tgz 0ms (cache hit)
2039 http cache is-buffer@https://registry.npmjs.org/is-buffer/-/is-buffer-2.0.5.tgz 0ms (cache hit)
2040 http cache async-retry@https://registry.npmjs.org/async-retry/-/async-retry-1.3.3.tgz 0ms (cache hit)
2041 http cache srvx@https://registry.npmjs.org/srvx/-/srvx-0.8.9.tgz 0ms (cache hit)
2042 http cache zod@https://registry.npmjs.org/zod/-/zod-3.22.4.tgz 0ms (cache hit)
2043 http cache tsx@https://registry.npmjs.org/tsx/-/tsx-4.21.0.tgz 0ms (cache hit)
2044 http cache path-to-regexp@https://registry.npmjs.org/path-to-regexp/-/path-to-regexp-8.3.0.tgz 0ms (cache hit)
2045 http cache rolldown@https://registry.npmjs.org/rolldown/-/rolldown-1.0.0-rc.1.tgz 0ms (cache hit)
2046 http cache resolve.exports@https://registry.npmjs.org/resolve.exports/-/resolve.exports-2.0.3.tgz 0ms (cache hit)
2047 http cache fs-extra@https://registry.npmjs.org/fs-extra/-/fs-extra-11.1.0.tgz 0ms (cache hit)
2048 http cache oxc-transform@https://registry.npmjs.org/oxc-transform/-/oxc-transform-0.111.0.tgz 0ms (cache hit)
2049 http cache execa@https://registry.npmjs.org/execa/-/execa-3.2.0.tgz 0ms (cache hit)
2050 http cache ts-morph@https://registry.npmjs.org/ts-morph/-/ts-morph-12.0.0.tgz 0ms (cache hit)
2051 http cache @vercel/nft@https://registry.npmjs.org/@vercel/nft/-/nft-1.4.0.tgz 0ms (cache hit)
2052 http cache jose@https://registry.npmjs.org/jose/-/jose-5.9.6.tgz 0ms (cache hit)
2053 http cache luxon@https://registry.npmjs.org/luxon/-/luxon-3.7.2.tgz 0ms (cache hit)
2054 http cache form-data@https://registry.npmjs.org/form-data/-/form-data-4.0.5.tgz 0ms (cache hit)
2055 http cache proxy-agent@https://registry.npmjs.org/proxy-agent/-/proxy-agent-6.4.0.tgz 0ms (cache hit)
2056 http cache @vercel/static-build@https://registry.npmjs.org/@vercel/static-build/-/static-build-2.9.2.tgz 0ms (cache hit)
2057 http cache @vercel/rust@https://registry.npmjs.org/@vercel/rust/-/rust-1.0.5.tgz 0ms (cache hit)
2058 http cache esbuild@https://registry.npmjs.org/esbuild/-/esbuild-0.27.0.tgz 0ms (cache hit)
2059 http cache chokidar@https://registry.npmjs.org/chokidar/-/chokidar-4.0.0.tgz 0ms (cache hit)
2060 http cache @vercel/redwood@https://registry.npmjs.org/@vercel/redwood/-/redwood-2.4.11.tgz 0ms (cache hit)
2061 http cache @vercel/ruby@https://registry.npmjs.org/@vercel/ruby/-/ruby-2.3.2.tgz 0ms (cache hit)
2062 http cache @vercel/remix-builder@https://registry.npmjs.org/@vercel/remix-builder/-/remix-builder-5.7.1.tgz 0ms (cache hit)
2063 http cache @vercel/python@https://registry.npmjs.org/@vercel/python/-/python-6.26.0.tgz 0ms (cache hit)
2064 http cache @vercel/next@https://registry.npmjs.org/@vercel/next/-/next-4.16.2.tgz 0ms (cache hit)
2065 http cache @vercel/prepare-flags-definitions@https://registry.npmjs.org/@vercel/prepare-flags-definitions/-/prepare-flags-definitions-0.2.1.tgz 0ms (cache hit)
2066 http cache @vercel/nestjs@https://registry.npmjs.org/@vercel/nestjs/-/nestjs-0.2.55.tgz 0ms (cache hit)
2067 http cache @vercel/koa@https://registry.npmjs.org/@vercel/koa/-/koa-0.1.34.tgz 0ms (cache hit)
2068 http cache @vercel/hono@https://registry.npmjs.org/@vercel/hono/-/hono-0.2.54.tgz 0ms (cache hit)
2069 http cache @vercel/node@https://registry.npmjs.org/@vercel/node/-/node-5.6.18.tgz 0ms (cache hit)
2070 http cache @vercel/h3@https://registry.npmjs.org/@vercel/h3/-/h3-0.1.60.tgz 0ms (cache hit)
2071 http cache @vercel/hydrogen@https://registry.npmjs.org/@vercel/hydrogen/-/hydrogen-1.3.6.tgz 0ms (cache hit)
2072 http cache @vercel/fastify@https://registry.npmjs.org/@vercel/fastify/-/fastify-0.1.54.tgz 0ms (cache hit)
2073 http cache @vercel/fun@https://registry.npmjs.org/@vercel/fun/-/fun-1.3.0.tgz 0ms (cache hit)
2074 http cache @vercel/go@https://registry.npmjs.org/@vercel/go/-/go-3.4.6.tgz 0ms (cache hit)
2075 http cache @vercel/express@https://registry.npmjs.org/@vercel/express/-/express-0.1.61.tgz 0ms (cache hit)
2076 http cache @vercel/detect-agent@https://registry.npmjs.org/@vercel/detect-agent/-/detect-agent-1.2.1.tgz 0ms (cache hit)
2077 http cache @vercel/build-utils@https://registry.npmjs.org/@vercel/build-utils/-/build-utils-13.8.2.tgz 0ms (cache hit)
2078 http cache @vercel/blob@https://registry.npmjs.org/@vercel/blob/-/blob-2.3.0.tgz 0ms (cache hit)
2079 http cache @vercel/elysia@https://registry.npmjs.org/@vercel/elysia/-/elysia-0.1.51.tgz 0ms (cache hit)
2080 http cache @vercel/backends@https://registry.npmjs.org/@vercel/backends/-/backends-0.0.49.tgz 0ms (cache hit)
2081 http cache vercel@https://registry.npmjs.org/vercel/-/vercel-50.35.0.tgz 0ms (cache hit)
2082 http cache picomatch@https://registry.npmjs.org/picomatch/-/picomatch-2.3.2.tgz 0ms (cache hit)
2083 http cache typescript@https://registry.npmjs.org/typescript/-/typescript-5.9.3.tgz 0ms (cache hit)
2084 http cache async-listen@https://registry.npmjs.org/async-listen/-/async-listen-3.0.1.tgz 0ms (cache hit)
2085 http cache minimatch@https://registry.npmjs.org/minimatch/-/minimatch-3.1.5.tgz 0ms (cache hit)
2086 http cache once@https://registry.npmjs.org/once/-/once-1.3.3.tgz 0ms (cache hit)
2087 http cache end-of-stream@https://registry.npmjs.org/end-of-stream/-/end-of-stream-1.1.0.tgz 0ms (cache hit)
2088 http cache yallist@https://registry.npmjs.org/yallist/-/yallist-4.0.0.tgz 0ms (cache hit)
2089 http cache lru-cache@https://registry.npmjs.org/lru-cache/-/lru-cache-6.0.0.tgz 0ms (cache hit)
2090 http cache minimatch@https://registry.npmjs.org/minimatch/-/minimatch-10.2.4.tgz 0ms (cache hit)
2091 http cache ms@https://registry.npmjs.org/ms/-/ms-2.1.2.tgz 0ms (cache hit)
2092 http cache balanced-match@https://registry.npmjs.org/balanced-match/-/balanced-match-4.0.4.tgz 0ms (cache hit)
2093 http cache brace-expansion@https://registry.npmjs.org/brace-expansion/-/brace-expansion-5.0.4.tgz 0ms (cache hit)
2094 http cache signal-exit@https://registry.npmjs.org/signal-exit/-/signal-exit-3.0.7.tgz 0ms (cache hit)
2095 http cache signal-exit@https://registry.npmjs.org/signal-exit/-/signal-exit-3.0.7.tgz 0ms (cache hit)
2096 http cache lru-cache@https://registry.npmjs.org/lru-cache/-/lru-cache-7.18.3.tgz 0ms (cache hit)
2097 http cache fs-extra@https://registry.npmjs.org/fs-extra/-/fs-extra-11.1.1.tgz 0ms (cache hit)
2098 http cache human-signals@https://registry.npmjs.org/human-signals/-/human-signals-2.1.0.tgz 0ms (cache hit)
2099 http cache undici@https://registry.npmjs.org/undici/-/undici-5.28.4.tgz 0ms (cache hit)
2100 http cache get-stream@https://registry.npmjs.org/get-stream/-/get-stream-6.0.1.tgz 0ms (cache hit)
2101 http cache semver@https://registry.npmjs.org/semver/-/semver-6.3.1.tgz 0ms (cache hit)
2102 http cache execa@https://registry.npmjs.org/execa/-/execa-5.1.1.tgz 0ms (cache hit)
2103 http cache path-to-regexp@https://registry.npmjs.org/path-to-regexp/-/path-to-regexp-6.1.0.tgz 0ms (cache hit)
2104 http cache path-to-regexp@https://registry.npmjs.org/path-to-regexp/-/path-to-regexp-8.2.0.tgz 0ms (cache hit)
2105 http cache node-fetch@https://registry.npmjs.org/node-fetch/-/node-fetch-2.6.9.tgz 0ms (cache hit)
2106 http cache path-to-regexp@https://registry.npmjs.org/path-to-regexp/-/path-to-regexp-6.1.0.tgz 0ms (cache hit)
2107 silly tarball no local data for concat-map@https://registry.npmjs.org/concat-map/-/concat-map-0.0.1.tgz. Extracting by manifest.
2108 silly tarball no local data for balanced-match@https://registry.npmjs.org/balanced-match/-/balanced-match-1.0.2.tgz. Extracting by manifest.
2109 silly tarball no local data for @fastify/busboy@https://registry.npmjs.org/@fastify/busboy/-/busboy-2.1.1.tgz. Extracting by manifest.
2110 silly tarball no local data for events-intercept@https://registry.npmjs.org/events-intercept/-/events-intercept-2.0.0.tgz. Extracting by manifest.
2111 silly tarball no local data for brace-expansion@https://registry.npmjs.org/brace-expansion/-/brace-expansion-1.1.12.tgz. Extracting by manifest.
2112 silly tarball no local data for pend@https://registry.npmjs.org/pend/-/pend-1.2.0.tgz. Extracting by manifest.
2113 silly tarball no local data for fd-slicer@https://registry.npmjs.org/fd-slicer/-/fd-slicer-1.1.0.tgz. Extracting by manifest.
2114 http cache async-listen@https://registry.npmjs.org/async-listen/-/async-listen-3.0.0.tgz 0ms (cache hit)
2115 silly tarball no local data for yauzl-clone@https://registry.npmjs.org/yauzl-clone/-/yauzl-clone-1.0.4.tgz. Extracting by manifest.
2116 silly tarball no local data for xdg-portable@https://registry.npmjs.org/xdg-portable/-/xdg-portable-7.3.0.tgz. Extracting by manifest.
2117 silly tarball no local data for buffer-crc32@https://registry.npmjs.org/buffer-crc32/-/buffer-crc32-0.2.13.tgz. Extracting by manifest.
2118 silly tarball no local data for os-paths@https://registry.npmjs.org/os-paths/-/os-paths-4.4.0.tgz. Extracting by manifest.
2119 silly tarball no local data for webidl-conversions@https://registry.npmjs.org/webidl-conversions/-/webidl-conversions-3.0.1.tgz. Extracting by manifest.
2120 silly tarball no local data for isexe@https://registry.npmjs.org/isexe/-/isexe-2.0.0.tgz. Extracting by manifest.
2121 silly tarball no local data for yauzl@https://registry.npmjs.org/yauzl/-/yauzl-2.10.0.tgz. Extracting by manifest.
2122 silly tarball no local data for punycode@https://registry.npmjs.org/punycode/-/punycode-2.3.1.tgz. Extracting by manifest.
2123 silly tarball no local data for resolve-pkg-maps@https://registry.npmjs.org/resolve-pkg-maps/-/resolve-pkg-maps-1.0.0.tgz. Extracting by manifest.
2124 silly tarball no local data for tr46@https://registry.npmjs.org/tr46/-/tr46-0.0.3.tgz. Extracting by manifest.
2125 silly tarball no local data for get-tsconfig@https://registry.npmjs.org/get-tsconfig/-/get-tsconfig-4.13.7.tgz. Extracting by manifest.
2126 silly tarball no local data for queue-microtask@https://registry.npmjs.org/queue-microtask/-/queue-microtask-1.2.3.tgz. Extracting by manifest.
2127 silly tarball no local data for is-number@https://registry.npmjs.org/is-number/-/is-number-7.0.0.tgz. Extracting by manifest.
2128 silly tarball no local data for to-regex-range@https://registry.npmjs.org/to-regex-range/-/to-regex-range-5.0.1.tgz. Extracting by manifest.
2129 silly tarball no local data for is-extglob@https://registry.npmjs.org/is-extglob/-/is-extglob-2.1.1.tgz. Extracting by manifest.
2130 silly tarball no local data for braces@https://registry.npmjs.org/braces/-/braces-3.0.3.tgz. Extracting by manifest.
2131 silly tarball no local data for is-glob@https://registry.npmjs.org/is-glob/-/is-glob-4.0.3.tgz. Extracting by manifest.
2132 silly tarball no local data for fill-range@https://registry.npmjs.org/fill-range/-/fill-range-7.1.1.tgz. Extracting by manifest.
2133 silly tarball no local data for @nodelib/fs.scandir@https://registry.npmjs.org/@nodelib/fs.scandir/-/fs.scandir-2.1.5.tgz. Extracting by manifest.
2134 silly tarball no local data for reusify@https://registry.npmjs.org/reusify/-/reusify-1.1.0.tgz. Extracting by manifest.
2135 silly tarball no local data for run-parallel@https://registry.npmjs.org/run-parallel/-/run-parallel-1.2.0.tgz. Extracting by manifest.
2136 silly tarball no local data for @nodelib/fs.walk@https://registry.npmjs.org/@nodelib/fs.walk/-/fs.walk-1.2.8.tgz. Extracting by manifest.
2137 silly tarball no local data for fastq@https://registry.npmjs.org/fastq/-/fastq-1.20.1.tgz. Extracting by manifest.
2138 silly tarball no local data for micromatch@https://registry.npmjs.org/micromatch/-/micromatch-4.0.8.tgz. Extracting by manifest.
2139 silly tarball no local data for @nodelib/fs.stat@https://registry.npmjs.org/@nodelib/fs.stat/-/fs.stat-2.0.5.tgz. Extracting by manifest.
2140 silly tarball no local data for merge2@https://registry.npmjs.org/merge2/-/merge2-1.4.1.tgz. Extracting by manifest.
2141 silly tarball no local data for mkdirp@https://registry.npmjs.org/mkdirp/-/mkdirp-1.0.4.tgz. Extracting by manifest.
2142 silly tarball no local data for glob-parent@https://registry.npmjs.org/glob-parent/-/glob-parent-5.1.2.tgz. Extracting by manifest.
2143 silly tarball no local data for path-browserify@https://registry.npmjs.org/path-browserify/-/path-browserify-1.0.1.tgz. Extracting by manifest.
2144 silly tarball no local data for @ts-morph/common@https://registry.npmjs.org/@ts-morph/common/-/common-0.11.1.tgz. Extracting by manifest.
2145 silly tarball no local data for fast-glob@https://registry.npmjs.org/fast-glob/-/fast-glob-3.3.3.tgz. Extracting by manifest.
2146 silly tarball no local data for code-block-writer@https://registry.npmjs.org/code-block-writer/-/code-block-writer-10.1.1.tgz. Extracting by manifest.
2147 silly tarball no local data for convert-hrtime@https://registry.npmjs.org/convert-hrtime/-/convert-hrtime-3.0.0.tgz. Extracting by manifest.
2148 silly tarball no local data for @isaacs/fs-minipass@https://registry.npmjs.org/@isaacs/fs-minipass/-/fs-minipass-4.0.1.tgz. Extracting by manifest.
2149 silly tarball no local data for yallist@https://registry.npmjs.org/yallist/-/yallist-5.0.0.tgz. Extracting by manifest.
2150 silly tarball no local data for minizlib@https://registry.npmjs.org/minizlib/-/minizlib-3.1.0.tgz. Extracting by manifest.
2151 silly tarball no local data for any-promise@https://registry.npmjs.org/any-promise/-/any-promise-1.3.0.tgz. Extracting by manifest.
2152 silly tarball no local data for chownr@https://registry.npmjs.org/chownr/-/chownr-3.0.0.tgz. Extracting by manifest.
2153 silly tarball no local data for stream-to-array@https://registry.npmjs.org/stream-to-array/-/stream-to-array-2.3.0.tgz. Extracting by manifest.
2154 silly tarball no local data for cookie-es@https://registry.npmjs.org/cookie-es/-/cookie-es-2.0.0.tgz. Extracting by manifest.
2155 silly tarball no local data for @rolldown/pluginutils@https://registry.npmjs.org/@rolldown/pluginutils/-/pluginutils-1.0.0-rc.1.tgz. Extracting by manifest.
2156 silly tarball no local data for @rolldown/binding-win32-x64-msvc@https://registry.npmjs.org/@rolldown/binding-win32-x64-msvc/-/binding-win32-x64-msvc-1.0.0-rc.1.tgz. Extracting by manifest.
2157 silly tarball no local data for ip-address@https://registry.npmjs.org/ip-address/-/ip-address-10.1.0.tgz. Extracting by manifest.
2158 silly tarball no local data for smart-buffer@https://registry.npmjs.org/smart-buffer/-/smart-buffer-4.2.0.tgz. Extracting by manifest.
2159 silly tarball no local data for shebang-regex@https://registry.npmjs.org/shebang-regex/-/shebang-regex-3.0.0.tgz. Extracting by manifest.
2160 silly tarball no local data for @oxc-project/types@https://registry.npmjs.org/@oxc-project/types/-/types-0.110.0.tgz. Extracting by manifest.
2161 silly tarball no local data for socks@https://registry.npmjs.org/socks/-/socks-2.8.7.tgz. Extracting by manifest.
2162 silly tarball no local data for toidentifier@https://registry.npmjs.org/toidentifier/-/toidentifier-1.0.0.tgz. Extracting by manifest.
2163 silly tarball no local data for safer-buffer@https://registry.npmjs.org/safer-buffer/-/safer-buffer-2.1.2.tgz. Extracting by manifest.
2164 silly tarball no local data for setprototypeof@https://registry.npmjs.org/setprototypeof/-/setprototypeof-1.1.1.tgz. Extracting by manifest.
2165 silly tarball no local data for statuses@https://registry.npmjs.org/statuses/-/statuses-1.5.0.tgz. Extracting by manifest.
2166 silly tarball no local data for inherits@https://registry.npmjs.org/inherits/-/inherits-2.0.4.tgz. Extracting by manifest.
2167 silly tarball no local data for iconv-lite@https://registry.npmjs.org/iconv-lite/-/iconv-lite-0.4.24.tgz. Extracting by manifest.
2168 silly tarball no local data for depd@https://registry.npmjs.org/depd/-/depd-1.1.2.tgz. Extracting by manifest.
2169 silly tarball no local data for unpipe@https://registry.npmjs.org/unpipe/-/unpipe-1.0.0.tgz. Extracting by manifest.
2170 silly tarball no local data for http-errors@https://registry.npmjs.org/http-errors/-/http-errors-1.7.3.tgz. Extracting by manifest.
2171 silly tarball no local data for bytes@https://registry.npmjs.org/bytes/-/bytes-3.1.0.tgz. Extracting by manifest.
2172 silly tarball no local data for wrappy@https://registry.npmjs.org/wrappy/-/wrappy-1.0.2.tgz. Extracting by manifest.
2173 silly tarball no local data for once@https://registry.npmjs.org/once/-/once-1.4.0.tgz. Extracting by manifest.
2174 silly tarball no local data for source-map@https://registry.npmjs.org/source-map/-/source-map-0.6.1.tgz. Extracting by manifest.
2175 silly tarball no local data for estraverse@https://registry.npmjs.org/estraverse/-/estraverse-5.3.0.tgz. Extracting by manifest.
2176 silly tarball no local data for end-of-stream@https://registry.npmjs.org/end-of-stream/-/end-of-stream-1.4.5.tgz. Extracting by manifest.
2177 silly tarball no local data for esutils@https://registry.npmjs.org/esutils/-/esutils-2.0.3.tgz. Extracting by manifest.
2178 silly tarball no local data for esprima@https://registry.npmjs.org/esprima/-/esprima-4.0.1.tgz. Extracting by manifest.
2179 silly tarball no local data for escodegen@https://registry.npmjs.org/escodegen/-/escodegen-2.1.0.tgz. Extracting by manifest.
2180 silly tarball no local data for ast-types@https://registry.npmjs.org/ast-types/-/ast-types-0.13.4.tgz. Extracting by manifest.
2181 silly tarball no local data for netmask@https://registry.npmjs.org/netmask/-/netmask-2.0.2.tgz. Extracting by manifest.
2182 silly tarball no local data for degenerator@https://registry.npmjs.org/degenerator/-/degenerator-5.0.1.tgz. Extracting by manifest.
2183 silly tarball no local data for basic-ftp@https://registry.npmjs.org/basic-ftp/-/basic-ftp-5.2.0.tgz. Extracting by manifest.
2184 silly tarball no local data for data-uri-to-buffer@https://registry.npmjs.org/data-uri-to-buffer/-/data-uri-to-buffer-6.0.2.tgz. Extracting by manifest.
2185 silly tarball no local data for pac-resolver@https://registry.npmjs.org/pac-resolver/-/pac-resolver-7.0.1.tgz. Extracting by manifest.
2186 silly tarball no local data for @tootallnate/quickjs-emscripten@https://registry.npmjs.org/@tootallnate/quickjs-emscripten/-/quickjs-emscripten-0.23.0.tgz. Extracting by manifest.
2187 silly tarball no local data for proxy-from-env@https://registry.npmjs.org/proxy-from-env/-/proxy-from-env-1.1.0.tgz. Extracting by manifest.
2188 silly tarball no local data for get-uri@https://registry.npmjs.org/get-uri/-/get-uri-6.0.5.tgz. Extracting by manifest.
2189 silly tarball no local data for socks-proxy-agent@https://registry.npmjs.org/socks-proxy-agent/-/socks-proxy-agent-8.0.5.tgz. Extracting by manifest.
2190 silly tarball no local data for parse-ms@https://registry.npmjs.org/parse-ms/-/parse-ms-2.1.0.tgz. Extracting by manifest.
2191 silly tarball no local data for pac-proxy-agent@https://registry.npmjs.org/pac-proxy-agent/-/pac-proxy-agent-7.2.0.tgz. Extracting by manifest.
2192 silly tarball no local data for lru-cache@https://registry.npmjs.org/lru-cache/-/lru-cache-11.2.7.tgz. Extracting by manifest.
2193 silly tarball no local data for http-proxy-agent@https://registry.npmjs.org/http-proxy-agent/-/http-proxy-agent-7.0.2.tgz. Extracting by manifest.
2194 silly tarball no local data for tslib@https://registry.npmjs.org/tslib/-/tslib-2.8.1.tgz. Extracting by manifest.
2195 silly tarball no local data for @tybys/wasm-util@https://registry.npmjs.org/@tybys/wasm-util/-/wasm-util-0.10.1.tgz. Extracting by manifest.
2196 silly tarball no local data for @emnapi/runtime@https://registry.npmjs.org/@emnapi/runtime/-/runtime-1.9.1.tgz. Extracting by manifest.
2197 silly tarball no local data for @napi-rs/wasm-runtime@https://registry.npmjs.org/@napi-rs/wasm-runtime/-/wasm-runtime-1.1.1.tgz. Extracting by manifest.
2198 silly tarball no local data for @emnapi/core@https://registry.npmjs.org/@emnapi/core/-/core-1.9.1.tgz. Extracting by manifest.
2199 silly tarball no local data for @oxc-transform/binding-win32-x64-msvc@https://registry.npmjs.org/@oxc-transform/binding-win32-x64-msvc/-/binding-win32-x64-msvc-0.111.0.tgz. Extracting by manifest.
2200 silly tarball no local data for mimic-fn@https://registry.npmjs.org/mimic-fn/-/mimic-fn-2.1.0.tgz. Extracting by manifest.
2201 silly tarball no local data for @isaacs/balanced-match@https://registry.npmjs.org/@isaacs/balanced-match/-/balanced-match-4.0.1.tgz. Extracting by manifest.
2202 silly tarball no local data for @isaacs/brace-expansion@https://registry.npmjs.org/@isaacs/brace-expansion/-/brace-expansion-5.0.1.tgz. Extracting by manifest.
2203 silly tarball no local data for @emnapi/wasi-threads@https://registry.npmjs.org/@emnapi/wasi-threads/-/wasi-threads-1.2.0.tgz. Extracting by manifest.
2204 silly tarball no local data for whatwg-url@https://registry.npmjs.org/whatwg-url/-/whatwg-url-5.0.0.tgz. Extracting by manifest.
2205 silly tarball no local data for abbrev@https://registry.npmjs.org/abbrev/-/abbrev-3.0.1.tgz. Extracting by manifest.
2206 silly tarball no local data for mime-db@https://registry.npmjs.org/mime-db/-/mime-db-1.52.0.tgz. Extracting by manifest.
2207 silly tarball no local data for raw-body@https://registry.npmjs.org/raw-body/-/raw-body-2.4.1.tgz. Extracting by manifest.
2208 silly tarball no local data for arg@https://registry.npmjs.org/arg/-/arg-4.1.0.tgz. Extracting by manifest.
2209 silly tarball no local data for @types/json-schema@https://registry.npmjs.org/@types/json-schema/-/json-schema-7.0.15.tgz. Extracting by manifest.
2210 silly tarball no local data for content-type@https://registry.npmjs.org/content-type/-/content-type-1.0.4.tgz. Extracting by manifest.
2211 silly tarball no local data for ts-toolbelt@https://registry.npmjs.org/ts-toolbelt/-/ts-toolbelt-6.15.5.tgz. Extracting by manifest.
2212 silly tarball no local data for argparse@https://registry.npmjs.org/argparse/-/argparse-2.0.1.tgz. Extracting by manifest.
2213 silly tarball no local data for pump@https://registry.npmjs.org/pump/-/pump-3.0.4.tgz. Extracting by manifest.
2214 silly tarball no local data for minipass@https://registry.npmjs.org/minipass/-/minipass-7.1.3.tgz. Extracting by manifest.
2215 silly tarball no local data for path-scurry@https://registry.npmjs.org/path-scurry/-/path-scurry-2.0.2.tgz. Extracting by manifest.
2216 silly tarball no local data for agent-base@https://registry.npmjs.org/agent-base/-/agent-base-7.1.4.tgz. Extracting by manifest.
2217 silly tarball no local data for dunder-proto@https://registry.npmjs.org/dunder-proto/-/dunder-proto-1.0.1.tgz. Extracting by manifest.
2218 silly tarball no local data for math-intrinsics@https://registry.npmjs.org/math-intrinsics/-/math-intrinsics-1.1.0.tgz. Extracting by manifest.
2219 silly tarball no local data for has-symbols@https://registry.npmjs.org/has-symbols/-/has-symbols-1.1.0.tgz. Extracting by manifest.
2220 silly tarball no local data for get-proto@https://registry.npmjs.org/get-proto/-/get-proto-1.0.1.tgz. Extracting by manifest.
2221 silly tarball no local data for gopd@https://registry.npmjs.org/gopd/-/gopd-1.2.0.tgz. Extracting by manifest.
2222 silly tarball no local data for function-bind@https://registry.npmjs.org/function-bind/-/function-bind-1.1.2.tgz. Extracting by manifest.
2223 silly tarball no local data for es-object-atoms@https://registry.npmjs.org/es-object-atoms/-/es-object-atoms-1.1.1.tgz. Extracting by manifest.
2224 silly tarball no local data for es-define-property@https://registry.npmjs.org/es-define-property/-/es-define-property-1.0.1.tgz. Extracting by manifest.
2225 silly tarball no local data for call-bind-apply-helpers@https://registry.npmjs.org/call-bind-apply-helpers/-/call-bind-apply-helpers-1.0.2.tgz. Extracting by manifest.
2226 silly tarball no local data for has-tostringtag@https://registry.npmjs.org/has-tostringtag/-/has-tostringtag-1.0.2.tgz. Extracting by manifest.
2227 silly tarball no local data for jsonfile@https://registry.npmjs.org/jsonfile/-/jsonfile-6.2.0.tgz. Extracting by manifest.
2228 silly tarball no local data for universalify@https://registry.npmjs.org/universalify/-/universalify-2.0.1.tgz. Extracting by manifest.
2229 silly tarball no local data for get-intrinsic@https://registry.npmjs.org/get-intrinsic/-/get-intrinsic-1.3.0.tgz. Extracting by manifest.
2230 silly tarball no local data for es-errors@https://registry.npmjs.org/es-errors/-/es-errors-1.3.0.tgz. Extracting by manifest.
2231 silly tarball no local data for delayed-stream@https://registry.npmjs.org/delayed-stream/-/delayed-stream-1.0.0.tgz. Extracting by manifest.
2232 silly tarball no local data for es-set-tostringtag@https://registry.npmjs.org/es-set-tostringtag/-/es-set-tostringtag-2.1.0.tgz. Extracting by manifest.
2233 silly tarball no local data for combined-stream@https://registry.npmjs.org/combined-stream/-/combined-stream-1.0.8.tgz. Extracting by manifest.
2234 silly tarball no local data for hasown@https://registry.npmjs.org/hasown/-/hasown-2.0.2.tgz. Extracting by manifest.
2235 silly tarball no local data for asynckit@https://registry.npmjs.org/asynckit/-/asynckit-0.4.0.tgz. Extracting by manifest.
2236 silly tarball no local data for which@https://registry.npmjs.org/which/-/which-2.0.2.tgz. Extracting by manifest.
2237 silly tarball no local data for shebang-command@https://registry.npmjs.org/shebang-command/-/shebang-command-2.0.0.tgz. Extracting by manifest.
2238 silly tarball no local data for path-key@https://registry.npmjs.org/path-key/-/path-key-3.1.1.tgz. Extracting by manifest.
2239 silly tarball no local data for strip-final-newline@https://registry.npmjs.org/strip-final-newline/-/strip-final-newline-2.0.0.tgz. Extracting by manifest.
2240 silly tarball no local data for onetime@https://registry.npmjs.org/onetime/-/onetime-5.1.2.tgz. Extracting by manifest.
2241 silly tarball no local data for p-finally@https://registry.npmjs.org/p-finally/-/p-finally-2.0.1.tgz. Extracting by manifest.
2242 silly tarball no local data for is-stream@https://registry.npmjs.org/is-stream/-/is-stream-2.0.1.tgz. Extracting by manifest.
2243 silly tarball no local data for npm-run-path@https://registry.npmjs.org/npm-run-path/-/npm-run-path-4.0.1.tgz. Extracting by manifest.
2244 silly tarball no local data for merge-stream@https://registry.npmjs.org/merge-stream/-/merge-stream-2.0.0.tgz. Extracting by manifest.
2245 silly tarball no local data for @esbuild/win32-x64@https://registry.npmjs.org/@esbuild/win32-x64/-/win32-x64-0.27.0.tgz. Extracting by manifest.
2246 silly tarball no local data for human-signals@https://registry.npmjs.org/human-signals/-/human-signals-1.1.1.tgz. Extracting by manifest.
2247 silly tarball no local data for cross-spawn@https://registry.npmjs.org/cross-spawn/-/cross-spawn-7.0.6.tgz. Extracting by manifest.
2248 silly tarball no local data for get-stream@https://registry.npmjs.org/get-stream/-/get-stream-5.2.0.tgz. Extracting by manifest.
2249 silly tarball no local data for picocolors@https://registry.npmjs.org/picocolors/-/picocolors-1.0.0.tgz. Extracting by manifest.
2250 silly tarball no local data for signal-exit@https://registry.npmjs.org/signal-exit/-/signal-exit-4.0.2.tgz. Extracting by manifest.
2251 silly tarball no local data for time-span@https://registry.npmjs.org/time-span/-/time-span-4.0.0.tgz. Extracting by manifest.
2252 silly tarball no local data for mri@https://registry.npmjs.org/mri/-/mri-1.2.0.tgz. Extracting by manifest.
2253 silly tarball no local data for @edge-runtime/format@https://registry.npmjs.org/@edge-runtime/format/-/format-2.2.1.tgz. Extracting by manifest.
2254 silly tarball no local data for @edge-runtime/ponyfill@https://registry.npmjs.org/@edge-runtime/ponyfill/-/ponyfill-2.4.2.tgz. Extracting by manifest.
2255 silly tarball no local data for pretty-ms@https://registry.npmjs.org/pretty-ms/-/pretty-ms-7.0.1.tgz. Extracting by manifest.
2256 silly tarball no local data for readdirp@https://registry.npmjs.org/readdirp/-/readdirp-4.1.2.tgz. Extracting by manifest.
2257 silly tarball no local data for file-uri-to-path@https://registry.npmjs.org/file-uri-to-path/-/file-uri-to-path-1.0.0.tgz. Extracting by manifest.
2258 silly tarball no local data for retry@https://registry.npmjs.org/retry/-/retry-0.13.1.tgz. Extracting by manifest.
2259 silly tarball no local data for uri-js@https://registry.npmjs.org/uri-js/-/uri-js-4.4.1.tgz. Extracting by manifest.
2260 silly tarball no local data for require-from-string@https://registry.npmjs.org/require-from-string/-/require-from-string-2.0.2.tgz. Extracting by manifest.
2261 silly tarball no local data for fast-deep-equal@https://registry.npmjs.org/fast-deep-equal/-/fast-deep-equal-3.1.3.tgz. Extracting by manifest.
2262 silly tarball no local data for @sinclair/typebox@https://registry.npmjs.org/@sinclair/typebox/-/typebox-0.25.24.tgz. Extracting by manifest.
2263 silly tarball no local data for @vercel/gatsby-plugin-vercel-builder@https://registry.npmjs.org/@vercel/gatsby-plugin-vercel-builder/-/gatsby-plugin-vercel-builder-2.1.2.tgz. Extracting by manifest.
2264 silly tarball no local data for json-schema-to-ts@https://registry.npmjs.org/json-schema-to-ts/-/json-schema-to-ts-1.6.4.tgz. Extracting by manifest.
2265 silly tarball no local data for ajv@https://registry.npmjs.org/ajv/-/ajv-8.6.3.tgz. Extracting by manifest.
2266 silly tarball no local data for @vercel/gatsby-plugin-vercel-analytics@https://registry.npmjs.org/@vercel/gatsby-plugin-vercel-analytics/-/gatsby-plugin-vercel-analytics-1.0.11.tgz. Extracting by manifest.
2267 silly tarball no local data for json-schema-traverse@https://registry.npmjs.org/json-schema-traverse/-/json-schema-traverse-1.0.0.tgz. Extracting by manifest.
2268 silly tarball no local data for @iarna/toml@https://registry.npmjs.org/@iarna/toml/-/toml-2.2.5.tgz. Extracting by manifest.
2269 silly tarball no local data for @renovatebot/pep440@https://registry.npmjs.org/@renovatebot/pep440/-/pep440-4.2.1.tgz. Extracting by manifest.
2270 silly tarball no local data for web-vitals@https://registry.npmjs.org/web-vitals/-/web-vitals-0.2.4.tgz. Extracting by manifest.
2271 silly tarball no local data for @bytecodealliance/preview2-shim@https://registry.npmjs.org/@bytecodealliance/preview2-shim/-/preview2-shim-0.17.6.tgz. Extracting by manifest.
2272 silly tarball no local data for js-yaml@https://registry.npmjs.org/js-yaml/-/js-yaml-4.1.1.tgz. Extracting by manifest.
2273 silly tarball no local data for smol-toml@https://registry.npmjs.org/smol-toml/-/smol-toml-1.5.2.tgz. Extracting by manifest.
2274 silly tarball no local data for minimatch@https://registry.npmjs.org/minimatch/-/minimatch-10.1.1.tgz. Extracting by manifest.
2275 silly tarball no local data for path-to-regexp-updated@https://registry.npmjs.org/path-to-regexp/-/path-to-regexp-6.3.0.tgz. Extracting by manifest.
2276 silly tarball no local data for mime-types@https://registry.npmjs.org/mime-types/-/mime-types-2.1.35.tgz. Extracting by manifest.
2277 silly tarball no local data for etag@https://registry.npmjs.org/etag/-/etag-1.8.1.tgz. Extracting by manifest.
2278 silly tarball no local data for @vercel/error-utils@https://registry.npmjs.org/@vercel/error-utils/-/error-utils-2.0.3.tgz. Extracting by manifest.
2279 silly tarball no local data for es-module-lexer@https://registry.npmjs.org/es-module-lexer/-/es-module-lexer-1.4.1.tgz. Extracting by manifest.
2280 silly tarball no local data for undici-types@https://registry.npmjs.org/undici-types/-/undici-types-5.26.5.tgz. Extracting by manifest.
2281 silly tarball no local data for @types/node@https://registry.npmjs.org/@types/node/-/node-20.11.0.tgz. Extracting by manifest.
2282 silly tarball no local data for edge-runtime@https://registry.npmjs.org/edge-runtime/-/edge-runtime-2.5.9.tgz. Extracting by manifest.
2283 silly tarball no local data for cjs-module-lexer@https://registry.npmjs.org/cjs-module-lexer/-/cjs-module-lexer-1.2.3.tgz. Extracting by manifest.
2284 silly tarball no local data for @edge-runtime/primitives@https://registry.npmjs.org/@edge-runtime/primitives/-/primitives-4.1.0.tgz. Extracting by manifest.
2285 silly tarball no local data for @types/estree@https://registry.npmjs.org/@types/estree/-/estree-1.0.8.tgz. Extracting by manifest.
2286 silly tarball no local data for @edge-runtime/node-utils@https://registry.npmjs.org/@edge-runtime/node-utils/-/node-utils-2.3.0.tgz. Extracting by manifest.
2287 silly tarball no local data for @edge-runtime/vm@https://registry.npmjs.org/@edge-runtime/vm/-/vm-3.2.0.tgz. Extracting by manifest.
2288 silly tarball no local data for nopt@https://registry.npmjs.org/nopt/-/nopt-8.1.0.tgz. Extracting by manifest.
2289 silly tarball no local data for detect-libc@https://registry.npmjs.org/detect-libc/-/detect-libc-2.1.2.tgz. Extracting by manifest.
2290 silly tarball no local data for consola@https://registry.npmjs.org/consola/-/consola-3.4.2.tgz. Extracting by manifest.
2291 silly tarball no local data for https-proxy-agent@https://registry.npmjs.org/https-proxy-agent/-/https-proxy-agent-7.0.6.tgz. Extracting by manifest.
2292 silly tarball no local data for resolve-from@https://registry.npmjs.org/resolve-from/-/resolve-from-5.0.0.tgz. Extracting by manifest.
2293 silly tarball no local data for graceful-fs@https://registry.npmjs.org/graceful-fs/-/graceful-fs-4.2.11.tgz. Extracting by manifest.
2294 silly tarball no local data for picomatch@https://registry.npmjs.org/picomatch/-/picomatch-4.0.4.tgz. Extracting by manifest.
2295 silly tarball no local data for glob@https://registry.npmjs.org/glob/-/glob-13.0.6.tgz. Extracting by manifest.
2296 silly tarball no local data for acorn-import-attributes@https://registry.npmjs.org/acorn-import-attributes/-/acorn-import-attributes-1.9.5.tgz. Extracting by manifest.
2297 silly tarball no local data for estree-walker@https://registry.npmjs.org/estree-walker/-/estree-walker-2.0.2.tgz. Extracting by manifest.
2298 silly tarball no local data for bindings@https://registry.npmjs.org/bindings/-/bindings-1.5.0.tgz. Extracting by manifest.
2299 silly tarball no local data for acorn@https://registry.npmjs.org/acorn/-/acorn-8.16.0.tgz. Extracting by manifest.
2300 silly tarball no local data for @mapbox/node-pre-gyp@https://registry.npmjs.org/@mapbox/node-pre-gyp/-/node-pre-gyp-2.0.3.tgz. Extracting by manifest.
2301 silly tarball no local data for @rollup/pluginutils@https://registry.npmjs.org/@rollup/pluginutils/-/pluginutils-5.3.0.tgz. Extracting by manifest.
2302 silly tarball no local data for async-sema@https://registry.npmjs.org/async-sema/-/async-sema-3.1.1.tgz. Extracting by manifest.
2303 silly tarball no local data for node-gyp-build@https://registry.npmjs.org/node-gyp-build/-/node-gyp-build-4.8.4.tgz. Extracting by manifest.
2304 silly tarball no local data for yauzl-promise@https://registry.npmjs.org/yauzl-promise/-/yauzl-promise-2.1.3.tgz. Extracting by manifest.
2305 silly tarball no local data for xdg-app-paths@https://registry.npmjs.org/xdg-app-paths/-/xdg-app-paths-5.1.0.tgz. Extracting by manifest.
2306 silly tarball no local data for tree-kill@https://registry.npmjs.org/tree-kill/-/tree-kill-1.2.2.tgz. Extracting by manifest.
2307 silly tarball no local data for tinyexec@https://registry.npmjs.org/tinyexec/-/tinyexec-0.3.2.tgz. Extracting by manifest.
2308 silly tarball no local data for uid-promise@https://registry.npmjs.org/uid-promise/-/uid-promise-1.0.0.tgz. Extracting by manifest.
2309 silly tarball no local data for tar@https://registry.npmjs.org/tar/-/tar-7.5.7.tgz. Extracting by manifest.
2310 silly tarball no local data for stream-to-promise@https://registry.npmjs.org/stream-to-promise/-/stream-to-promise-2.2.0.tgz. Extracting by manifest.
2311 silly tarball no local data for semver@https://registry.npmjs.org/semver/-/semver-7.5.4.tgz. Extracting by manifest.
2312 silly tarball no local data for stat-mode@https://registry.npmjs.org/stat-mode/-/stat-mode-0.3.0.tgz. Extracting by manifest.
2313 silly tarball no local data for node-fetch@https://registry.npmjs.org/node-fetch/-/node-fetch-2.6.7.tgz. Extracting by manifest.
2314 silly tarball no local data for promisepipe@https://registry.npmjs.org/promisepipe/-/promisepipe-3.0.0.tgz. Extracting by manifest.
2315 silly tarball no local data for ms@https://registry.npmjs.org/ms/-/ms-2.1.1.tgz. Extracting by manifest.
2316 silly tarball no local data for generic-pool@https://registry.npmjs.org/generic-pool/-/generic-pool-3.4.2.tgz. Extracting by manifest.
2317 silly tarball no local data for micro@https://registry.npmjs.org/micro/-/micro-9.3.5-canary.3.tgz. Extracting by manifest.
2318 silly tarball no local data for async-listen@https://registry.npmjs.org/async-listen/-/async-listen-1.2.0.tgz. Extracting by manifest.
2319 silly tarball no local data for @tootallnate/once@https://registry.npmjs.org/@tootallnate/once/-/once-2.0.0.tgz. Extracting by manifest.
2320 silly tarball no local data for debug@https://registry.npmjs.org/debug/-/debug-4.3.4.tgz. Extracting by manifest.
2321 silly tarball no local data for @vercel/cervel@https://registry.npmjs.org/@vercel/cervel/-/cervel-0.0.36.tgz. Extracting by manifest.
2322 silly tarball no local data for @vercel/python-analysis@https://registry.npmjs.org/@vercel/python-analysis/-/python-analysis-0.10.1.tgz. Extracting by manifest.
2323 silly tarball no local data for @vercel/static-config@https://registry.npmjs.org/@vercel/static-config/-/static-config-3.2.0.tgz. Extracting by manifest.
2324 silly tarball no local data for throttleit@https://registry.npmjs.org/throttleit/-/throttleit-2.1.0.tgz. Extracting by manifest.
2325 silly tarball no local data for is-node-process@https://registry.npmjs.org/is-node-process/-/is-node-process-1.2.0.tgz. Extracting by manifest.
2326 silly tarball no local data for undici@https://registry.npmjs.org/undici/-/undici-6.24.1.tgz. Extracting by manifest.
2327 silly tarball no local data for is-buffer@https://registry.npmjs.org/is-buffer/-/is-buffer-2.0.5.tgz. Extracting by manifest.
2328 silly tarball no local data for async-retry@https://registry.npmjs.org/async-retry/-/async-retry-1.3.3.tgz. Extracting by manifest.
2329 silly tarball no local data for srvx@https://registry.npmjs.org/srvx/-/srvx-0.8.9.tgz. Extracting by manifest.
2330 silly tarball no local data for zod@https://registry.npmjs.org/zod/-/zod-3.22.4.tgz. Extracting by manifest.
2331 silly tarball no local data for tsx@https://registry.npmjs.org/tsx/-/tsx-4.21.0.tgz. Extracting by manifest.
2332 silly tarball no local data for path-to-regexp@https://registry.npmjs.org/path-to-regexp/-/path-to-regexp-8.3.0.tgz. Extracting by manifest.
2333 silly tarball no local data for rolldown@https://registry.npmjs.org/rolldown/-/rolldown-1.0.0-rc.1.tgz. Extracting by manifest.
2334 silly tarball no local data for resolve.exports@https://registry.npmjs.org/resolve.exports/-/resolve.exports-2.0.3.tgz. Extracting by manifest.
2335 silly tarball no local data for fs-extra@https://registry.npmjs.org/fs-extra/-/fs-extra-11.1.0.tgz. Extracting by manifest.
2336 silly tarball no local data for oxc-transform@https://registry.npmjs.org/oxc-transform/-/oxc-transform-0.111.0.tgz. Extracting by manifest.
2337 silly tarball no local data for execa@https://registry.npmjs.org/execa/-/execa-3.2.0.tgz. Extracting by manifest.
2338 silly tarball no local data for ts-morph@https://registry.npmjs.org/ts-morph/-/ts-morph-12.0.0.tgz. Extracting by manifest.
2339 silly tarball no local data for @vercel/nft@https://registry.npmjs.org/@vercel/nft/-/nft-1.4.0.tgz. Extracting by manifest.
2340 silly tarball no local data for jose@https://registry.npmjs.org/jose/-/jose-5.9.6.tgz. Extracting by manifest.
2341 silly tarball no local data for luxon@https://registry.npmjs.org/luxon/-/luxon-3.7.2.tgz. Extracting by manifest.
2342 silly tarball no local data for form-data@https://registry.npmjs.org/form-data/-/form-data-4.0.5.tgz. Extracting by manifest.
2343 silly tarball no local data for proxy-agent@https://registry.npmjs.org/proxy-agent/-/proxy-agent-6.4.0.tgz. Extracting by manifest.
2344 silly tarball no local data for @vercel/static-build@https://registry.npmjs.org/@vercel/static-build/-/static-build-2.9.2.tgz. Extracting by manifest.
2345 silly tarball no local data for @vercel/rust@https://registry.npmjs.org/@vercel/rust/-/rust-1.0.5.tgz. Extracting by manifest.
2346 silly tarball no local data for esbuild@https://registry.npmjs.org/esbuild/-/esbuild-0.27.0.tgz. Extracting by manifest.
2347 silly tarball no local data for chokidar@https://registry.npmjs.org/chokidar/-/chokidar-4.0.0.tgz. Extracting by manifest.
2348 silly tarball no local data for @vercel/redwood@https://registry.npmjs.org/@vercel/redwood/-/redwood-2.4.11.tgz. Extracting by manifest.
2349 silly tarball no local data for @vercel/ruby@https://registry.npmjs.org/@vercel/ruby/-/ruby-2.3.2.tgz. Extracting by manifest.
2350 silly tarball no local data for @vercel/remix-builder@https://registry.npmjs.org/@vercel/remix-builder/-/remix-builder-5.7.1.tgz. Extracting by manifest.
2351 silly tarball no local data for @vercel/python@https://registry.npmjs.org/@vercel/python/-/python-6.26.0.tgz. Extracting by manifest.
2352 silly tarball no local data for @vercel/next@https://registry.npmjs.org/@vercel/next/-/next-4.16.2.tgz. Extracting by manifest.
2353 silly tarball no local data for @vercel/prepare-flags-definitions@https://registry.npmjs.org/@vercel/prepare-flags-definitions/-/prepare-flags-definitions-0.2.1.tgz. Extracting by manifest.
2354 silly tarball no local data for @vercel/nestjs@https://registry.npmjs.org/@vercel/nestjs/-/nestjs-0.2.55.tgz. Extracting by manifest.
2355 silly tarball no local data for @vercel/koa@https://registry.npmjs.org/@vercel/koa/-/koa-0.1.34.tgz. Extracting by manifest.
2356 silly tarball no local data for @vercel/hono@https://registry.npmjs.org/@vercel/hono/-/hono-0.2.54.tgz. Extracting by manifest.
2357 silly tarball no local data for @vercel/node@https://registry.npmjs.org/@vercel/node/-/node-5.6.18.tgz. Extracting by manifest.
2358 silly tarball no local data for @vercel/h3@https://registry.npmjs.org/@vercel/h3/-/h3-0.1.60.tgz. Extracting by manifest.
2359 silly tarball no local data for @vercel/hydrogen@https://registry.npmjs.org/@vercel/hydrogen/-/hydrogen-1.3.6.tgz. Extracting by manifest.
2360 silly tarball no local data for @vercel/fastify@https://registry.npmjs.org/@vercel/fastify/-/fastify-0.1.54.tgz. Extracting by manifest.
2361 silly tarball no local data for @vercel/fun@https://registry.npmjs.org/@vercel/fun/-/fun-1.3.0.tgz. Extracting by manifest.
2362 silly tarball no local data for @vercel/go@https://registry.npmjs.org/@vercel/go/-/go-3.4.6.tgz. Extracting by manifest.
2363 silly tarball no local data for @vercel/express@https://registry.npmjs.org/@vercel/express/-/express-0.1.61.tgz. Extracting by manifest.
2364 silly tarball no local data for @vercel/detect-agent@https://registry.npmjs.org/@vercel/detect-agent/-/detect-agent-1.2.1.tgz. Extracting by manifest.
2365 silly tarball no local data for @vercel/build-utils@https://registry.npmjs.org/@vercel/build-utils/-/build-utils-13.8.2.tgz. Extracting by manifest.
2366 silly tarball no local data for @vercel/blob@https://registry.npmjs.org/@vercel/blob/-/blob-2.3.0.tgz. Extracting by manifest.
2367 silly tarball no local data for @vercel/elysia@https://registry.npmjs.org/@vercel/elysia/-/elysia-0.1.51.tgz. Extracting by manifest.
2368 silly tarball no local data for @vercel/backends@https://registry.npmjs.org/@vercel/backends/-/backends-0.0.49.tgz. Extracting by manifest.
2369 silly tarball no local data for vercel@https://registry.npmjs.org/vercel/-/vercel-50.35.0.tgz. Extracting by manifest.
2370 silly tarball no local data for picomatch@https://registry.npmjs.org/picomatch/-/picomatch-2.3.2.tgz. Extracting by manifest.
2371 silly tarball no local data for typescript@https://registry.npmjs.org/typescript/-/typescript-5.9.3.tgz. Extracting by manifest.
2372 silly tarball no local data for async-listen@https://registry.npmjs.org/async-listen/-/async-listen-3.0.1.tgz. Extracting by manifest.
2373 silly tarball no local data for minimatch@https://registry.npmjs.org/minimatch/-/minimatch-3.1.5.tgz. Extracting by manifest.
2374 silly tarball no local data for once@https://registry.npmjs.org/once/-/once-1.3.3.tgz. Extracting by manifest.
2375 silly tarball no local data for end-of-stream@https://registry.npmjs.org/end-of-stream/-/end-of-stream-1.1.0.tgz. Extracting by manifest.
2376 silly tarball no local data for yallist@https://registry.npmjs.org/yallist/-/yallist-4.0.0.tgz. Extracting by manifest.
2377 silly tarball no local data for lru-cache@https://registry.npmjs.org/lru-cache/-/lru-cache-6.0.0.tgz. Extracting by manifest.
2378 silly tarball no local data for minimatch@https://registry.npmjs.org/minimatch/-/minimatch-10.2.4.tgz. Extracting by manifest.
2379 silly tarball no local data for ms@https://registry.npmjs.org/ms/-/ms-2.1.2.tgz. Extracting by manifest.
2380 silly tarball no local data for balanced-match@https://registry.npmjs.org/balanced-match/-/balanced-match-4.0.4.tgz. Extracting by manifest.
2381 silly tarball no local data for brace-expansion@https://registry.npmjs.org/brace-expansion/-/brace-expansion-5.0.4.tgz. Extracting by manifest.
2382 silly tarball no local data for signal-exit@https://registry.npmjs.org/signal-exit/-/signal-exit-3.0.7.tgz. Extracting by manifest.
2383 silly tarball no local data for signal-exit@https://registry.npmjs.org/signal-exit/-/signal-exit-3.0.7.tgz. Extracting by manifest.
2384 silly tarball no local data for lru-cache@https://registry.npmjs.org/lru-cache/-/lru-cache-7.18.3.tgz. Extracting by manifest.
2385 silly tarball no local data for fs-extra@https://registry.npmjs.org/fs-extra/-/fs-extra-11.1.1.tgz. Extracting by manifest.
2386 silly tarball no local data for human-signals@https://registry.npmjs.org/human-signals/-/human-signals-2.1.0.tgz. Extracting by manifest.
2387 silly tarball no local data for undici@https://registry.npmjs.org/undici/-/undici-5.28.4.tgz. Extracting by manifest.
2388 silly tarball no local data for get-stream@https://registry.npmjs.org/get-stream/-/get-stream-6.0.1.tgz. Extracting by manifest.
2389 silly tarball no local data for semver@https://registry.npmjs.org/semver/-/semver-6.3.1.tgz. Extracting by manifest.
2390 silly tarball no local data for execa@https://registry.npmjs.org/execa/-/execa-5.1.1.tgz. Extracting by manifest.
2391 silly tarball no local data for path-to-regexp@https://registry.npmjs.org/path-to-regexp/-/path-to-regexp-6.1.0.tgz. Extracting by manifest.
2392 silly tarball no local data for path-to-regexp@https://registry.npmjs.org/path-to-regexp/-/path-to-regexp-8.2.0.tgz. Extracting by manifest.
2393 silly tarball no local data for node-fetch@https://registry.npmjs.org/node-fetch/-/node-fetch-2.6.9.tgz. Extracting by manifest.
2394 silly tarball no local data for path-to-regexp@https://registry.npmjs.org/path-to-regexp/-/path-to-regexp-6.1.0.tgz. Extracting by manifest.
2395 silly tarball no local data for async-listen@https://registry.npmjs.org/async-listen/-/async-listen-3.0.0.tgz. Extracting by manifest.
2396 http fetch POST 200 https://registry.npmjs.org/-/npm/v1/security/advisories/bulk 297ms
2397 silly audit report {
2397 silly audit report   'path-to-regexp': [
2397 silly audit report     {
2397 silly audit report       id: 1101846,
2397 silly audit report       url: 'https://github.com/advisories/GHSA-9wv6-86v2-598j',
2397 silly audit report       title: 'path-to-regexp outputs backtracking regular expressions',
2397 silly audit report       severity: 'high',
2397 silly audit report       vulnerable_versions: '>=4.0.0 <6.3.0',
2397 silly audit report       cwe: [Array],
2397 silly audit report       cvss: [Object]
2397 silly audit report     }
2397 silly audit report   ],
2397 silly audit report   undici: [
2397 silly audit report     {
2397 silly audit report       id: 1101610,
2397 silly audit report       url: 'https://github.com/advisories/GHSA-c76h-2ccp-4975',
2397 silly audit report       title: 'Use of Insufficiently Random Values in undici',
2397 silly audit report       severity: 'moderate',
2397 silly audit report       vulnerable_versions: '>=4.5.0 <5.28.5',
2397 silly audit report       cwe: [Array],
2397 silly audit report       cvss: [Object]
2397 silly audit report     },
2397 silly audit report     {
2397 silly audit report       id: 1112496,
2397 silly audit report       url: 'https://github.com/advisories/GHSA-g9mf-h72j-4rw9',
2397 silly audit report       title: 'Undici has an unbounded decompression chain in HTTP responses on Node.js Fetch API via Content-Encoding leads to resource exhaustion',
2397 silly audit report       severity: 'moderate',
2397 silly audit report       vulnerable_versions: '<6.23.0',
2397 silly audit report       cwe: [Array],
2397 silly audit report       cvss: [Object]
2397 silly audit report     },
2397 silly audit report     {
2397 silly audit report       id: 1113069,
2397 silly audit report       url: 'https://github.com/advisories/GHSA-cxrh-j4jr-qwg3',
2397 silly audit report       title: 'undici Denial of Service attack via bad certificate data',
2397 silly audit report       severity: 'low',
2397 silly audit report       vulnerable_versions: '<5.29.0',
2397 silly audit report       cwe: [Array],
2397 silly audit report       cvss: [Object]
2397 silly audit report     },
2397 silly audit report     {
2397 silly audit report       id: 1114594,
2397 silly audit report       url: 'https://github.com/advisories/GHSA-2mjp-6q6p-2qxm',
2397 silly audit report       title: 'Undici has an HTTP Request/Response Smuggling issue',
2397 silly audit report       severity: 'moderate',
2397 silly audit report       vulnerable_versions: '<6.24.0',
2397 silly audit report       cwe: [Array],
2397 silly audit report       cvss: [Object]
2397 silly audit report     },
2397 silly audit report     {
2397 silly audit report       id: 1114638,
2397 silly audit report       url: 'https://github.com/advisories/GHSA-vrm6-8vpv-qv8q',
2397 silly audit report       title: 'Undici has Unbounded Memory Consumption in WebSocket permessage-deflate Decompression',
2397 silly audit report       severity: 'high',
2397 silly audit report       vulnerable_versions: '<6.24.0',
2397 silly audit report       cwe: [Array],
2397 silly audit report       cvss: [Object]
2397 silly audit report     },
2397 silly audit report     {
2397 silly audit report       id: 1114640,
2397 silly audit report       url: 'https://github.com/advisories/GHSA-v9p9-hfj2-hcw8',
2397 silly audit report       title: 'Undici has Unhandled Exception in WebSocket Client Due to Invalid server_max_window_bits Validation',
2397 silly audit report       severity: 'high',
2397 silly audit report       vulnerable_versions: '<6.24.0',
2397 silly audit report       cwe: [Array],
2397 silly audit report       cvss: [Object]
2397 silly audit report     },
2397 silly audit report     {
2397 silly audit report       id: 1114642,
2397 silly audit report       url: 'https://github.com/advisories/GHSA-4992-7rv2-5pvq',
2397 silly audit report       title: 'Undici has CRLF Injection in undici via `upgrade` option',
2397 silly audit report       severity: 'moderate',
2397 silly audit report       vulnerable_versions: '<6.24.0',
2397 silly audit report       cwe: [Array],
2397 silly audit report       cvss: [Object]
2397 silly audit report     }
2397 silly audit report   ],
2397 silly audit report   '@tootallnate/once': [
2397 silly audit report     {
2397 silly audit report       id: 1113977,
2397 silly audit report       url: 'https://github.com/advisories/GHSA-vpq2-c234-7xj6',
2397 silly audit report       title: '@tootallnate/once vulnerable to Incorrect Control Flow Scoping',
2397 silly audit report       severity: 'low',
2397 silly audit report       vulnerable_versions: '<3.0.1',
2397 silly audit report       cwe: [Array],
2397 silly audit report       cvss: [Object]
2397 silly audit report     }
2397 silly audit report   ],
2397 silly audit report   tar: [
2397 silly audit report     {
2397 silly audit report       id: 1113375,
2397 silly audit report       url: 'https://github.com/advisories/GHSA-83g3-92jg-28cx',
2397 silly audit report       title: 'Arbitrary File Read/Write via Hardlink Target Escape Through Symlink Chain in node-tar Extraction',
2397 silly audit report       severity: 'high',
2397 silly audit report       vulnerable_versions: '<7.5.8',
2397 silly audit report       cwe: [Array],
2397 silly audit report       cvss: [Object]
2397 silly audit report     },
2397 silly audit report     {
2397 silly audit report       id: 1114200,
2397 silly audit report       url: 'https://github.com/advisories/GHSA-qffp-2rhf-9h96',
2397 silly audit report       title: 'tar has Hardlink Path Traversal via Drive-Relative Linkpath',
2397 silly audit report       severity: 'high',
2397 silly audit report       vulnerable_versions: '<=7.5.9',
2397 silly audit report       cwe: [Array],
2397 silly audit report       cvss: [Object]
2397 silly audit report     },
2397 silly audit report     {
2397 silly audit report       id: 1114302,
2397 silly audit report       url: 'https://github.com/advisories/GHSA-9ppj-qmqm-q256',
2397 silly audit report       title: 'node-tar Symlink Path Traversal via Drive-Relative Linkpath',
2397 silly audit report       severity: 'high',
2397 silly audit report       vulnerable_versions: '<=7.5.10',
2397 silly audit report       cwe: [Array],
2397 silly audit report       cvss: [Object]
2397 silly audit report     }
2397 silly audit report   ],
2397 silly audit report   minimatch: [
2397 silly audit report     {
2397 silly audit report       id: 1113466,
2397 silly audit report       url: 'https://github.com/advisories/GHSA-3ppc-4f35-3m26',
2397 silly audit report       title: 'minimatch has a ReDoS via repeated wildcards with non-matching literal in pattern',
2397 silly audit report       severity: 'high',
2397 silly audit report       vulnerable_versions: '>=10.0.0 <10.2.1',
2397 silly audit report       cwe: [Array],
2397 silly audit report       cvss: [Object]
2397 silly audit report     },
2397 silly audit report     {
2397 silly audit report       id: 1113545,
2397 silly audit report       url: 'https://github.com/advisories/GHSA-7r86-cg39-jmmj',
2397 silly audit report       title: 'minimatch has ReDoS: matchOne() combinatorial backtracking via multiple non-adjacent GLOBSTAR segments',
2397 silly audit report       severity: 'high',
2397 silly audit report       vulnerable_versions: '>=10.0.0 <10.2.3',
2397 silly audit report       cwe: [Array],
2397 silly audit report       cvss: [Object]
2397 silly audit report     },
2397 silly audit report     {
2397 silly audit report       id: 1113553,
2397 silly audit report       url: 'https://github.com/advisories/GHSA-23c5-xmqv-rm74',
2397 silly audit report       title: 'minimatch ReDoS: nested *() extglobs generate catastrophically backtracking regular expressions',
2397 silly audit report       severity: 'high',
2397 silly audit report       vulnerable_versions: '>=10.0.0 <10.2.3',
2397 silly audit report       cwe: [Array],
2397 silly audit report       cvss: [Object]
2397 silly audit report     }
2397 silly audit report   ],
2397 silly audit report   ajv: [
2397 silly audit report     {
2397 silly audit report       id: 1113715,
2397 silly audit report       url: 'https://github.com/advisories/GHSA-2g4f-4pwh-qvx6',
2397 silly audit report       title: 'ajv has ReDoS when using `$data` option',
2397 silly audit report       severity: 'moderate',
2397 silly audit report       vulnerable_versions: '>=7.0.0-alpha.0 <8.18.0',
2397 silly audit report       cwe: [Array],
2397 silly audit report       cvss: [Object]
2397 silly audit report     }
2397 silly audit report   ]
2397 silly audit report }
2398 silly packumentCache corgi:https://registry.npmjs.org/path-to-regexp cache-miss
2399 silly packumentCache corgi:https://registry.npmjs.org/undici cache-miss
2400 silly packumentCache corgi:https://registry.npmjs.org/@tootallnate%2fonce cache-miss
2401 silly packumentCache corgi:https://registry.npmjs.org/tar cache-miss
2402 silly packumentCache corgi:https://registry.npmjs.org/minimatch cache-miss
2403 silly packumentCache corgi:https://registry.npmjs.org/ajv cache-miss
2404 http fetch GET 200 https://registry.npmjs.org/pend/-/pend-1.2.0.tgz 255ms (cache miss)
2405 http fetch GET 200 https://registry.npmjs.org/concat-map/-/concat-map-0.0.1.tgz 259ms (cache miss)
2406 http fetch GET 200 https://registry.npmjs.org/events-intercept/-/events-intercept-2.0.0.tgz 257ms (cache miss)
2407 http fetch GET 200 https://registry.npmjs.org/yauzl-clone/-/yauzl-clone-1.0.4.tgz 256ms (cache miss)
2408 http fetch GET 200 https://registry.npmjs.org/buffer-crc32/-/buffer-crc32-0.2.13.tgz 260ms (cache miss)
2409 http fetch GET 200 https://registry.npmjs.org/balanced-match/-/balanced-match-1.0.2.tgz 264ms (cache miss)
2410 http fetch GET 200 https://registry.npmjs.org/punycode/-/punycode-2.3.1.tgz 262ms (cache miss)
2411 http fetch GET 200 https://registry.npmjs.org/brace-expansion/-/brace-expansion-1.1.12.tgz 267ms (cache miss)
2412 http fetch GET 200 https://registry.npmjs.org/resolve-pkg-maps/-/resolve-pkg-maps-1.0.0.tgz 266ms (cache miss)
2413 http fetch GET 200 https://registry.npmjs.org/queue-microtask/-/queue-microtask-1.2.3.tgz 266ms (cache miss)
2414 http fetch GET 200 https://registry.npmjs.org/to-regex-range/-/to-regex-range-5.0.1.tgz 272ms (cache miss)
2415 http fetch GET 200 https://registry.npmjs.org/fill-range/-/fill-range-7.1.1.tgz 272ms (cache miss)
2416 http fetch GET 200 https://registry.npmjs.org/is-number/-/is-number-7.0.0.tgz 275ms (cache miss)
2417 http fetch GET 200 https://registry.npmjs.org/is-glob/-/is-glob-4.0.3.tgz 274ms (cache miss)
2418 http fetch GET 200 https://registry.npmjs.org/is-extglob/-/is-extglob-2.1.1.tgz 276ms (cache miss)
2419 http fetch GET 200 https://registry.npmjs.org/xdg-portable/-/xdg-portable-7.3.0.tgz 286ms (cache miss)
2420 http fetch GET 200 https://registry.npmjs.org/fd-slicer/-/fd-slicer-1.1.0.tgz 289ms (cache miss)
2421 http fetch GET 200 https://registry.npmjs.org/run-parallel/-/run-parallel-1.2.0.tgz 286ms (cache miss)
2422 http fetch GET 200 https://registry.npmjs.org/fastq/-/fastq-1.20.1.tgz 292ms (cache miss)
2423 http fetch GET 200 https://registry.npmjs.org/micromatch/-/micromatch-4.0.8.tgz 299ms (cache miss)
2424 http fetch GET 200 https://registry.npmjs.org/merge2/-/merge2-1.4.1.tgz 316ms (cache miss)
2425 http fetch GET 200 https://registry.npmjs.org/get-tsconfig/-/get-tsconfig-4.13.7.tgz 321ms (cache miss)
2426 http fetch GET 200 https://registry.npmjs.org/glob-parent/-/glob-parent-5.1.2.tgz 316ms (cache miss)
2427 http fetch GET 200 https://registry.npmjs.org/@nodelib/fs.walk/-/fs.walk-1.2.8.tgz 319ms (cache miss)
2428 http fetch GET 200 https://registry.npmjs.org/tr46/-/tr46-0.0.3.tgz 324ms (cache miss)
2429 http fetch GET 200 https://registry.npmjs.org/@nodelib/fs.stat/-/fs.stat-2.0.5.tgz 318ms (cache miss)
2430 http fetch GET 200 https://registry.npmjs.org/webidl-conversions/-/webidl-conversions-3.0.1.tgz 331ms (cache miss)
2431 http fetch GET 200 https://registry.npmjs.org/braces/-/braces-3.0.3.tgz 331ms (cache miss)
2432 http fetch GET 200 https://registry.npmjs.org/code-block-writer/-/code-block-writer-10.1.1.tgz 330ms (cache miss)
2433 http fetch GET 200 https://registry.npmjs.org/convert-hrtime/-/convert-hrtime-3.0.0.tgz 330ms (cache miss)
2434 http fetch GET 200 https://registry.npmjs.org/isexe/-/isexe-2.0.0.tgz 348ms (cache miss)
2435 http fetch GET 200 https://registry.npmjs.org/os-paths/-/os-paths-4.4.0.tgz 358ms (cache miss)
2436 http fetch GET 200 https://registry.npmjs.org/any-promise/-/any-promise-1.3.0.tgz 353ms (cache miss)
2437 http fetch GET 200 https://registry.npmjs.org/yauzl/-/yauzl-2.10.0.tgz 365ms (cache miss)
2438 http fetch GET 200 https://registry.npmjs.org/reusify/-/reusify-1.1.0.tgz 364ms (cache miss)
2439 http fetch GET 200 https://registry.npmjs.org/cookie-es/-/cookie-es-2.0.0.tgz 360ms (cache miss)
2440 http fetch GET 200 https://registry.npmjs.org/mkdirp/-/mkdirp-1.0.4.tgz 368ms (cache miss)
2441 http fetch GET 200 https://registry.npmjs.org/stream-to-array/-/stream-to-array-2.3.0.tgz 363ms (cache miss)
2442 http fetch GET 200 https://registry.npmjs.org/shebang-regex/-/shebang-regex-3.0.0.tgz 372ms (cache miss)
2443 http fetch GET 200 https://registry.npmjs.org/safer-buffer/-/safer-buffer-2.1.2.tgz 405ms (cache miss)
2444 http fetch GET 200 https://registry.npmjs.org/@oxc-project/types/-/types-0.110.0.tgz 407ms (cache miss)
2445 http fetch GET 200 https://registry.npmjs.org/toidentifier/-/toidentifier-1.0.0.tgz 420ms (cache miss)
2446 http fetch GET 200 https://registry.npmjs.org/inherits/-/inherits-2.0.4.tgz 433ms (cache miss)
2447 http fetch GET 200 https://registry.npmjs.org/setprototypeof/-/setprototypeof-1.1.1.tgz 433ms (cache miss)
2448 http fetch GET 200 https://registry.npmjs.org/wrappy/-/wrappy-1.0.2.tgz 431ms (cache miss)
2449 http fetch GET 200 https://registry.npmjs.org/unpipe/-/unpipe-1.0.0.tgz 433ms (cache miss)
2450 http fetch GET 200 https://registry.npmjs.org/once/-/once-1.4.0.tgz 439ms (cache miss)
2451 http fetch GET 200 https://registry.npmjs.org/bytes/-/bytes-3.1.0.tgz 449ms (cache miss)
2452 http fetch GET 200 https://registry.npmjs.org/statuses/-/statuses-1.5.0.tgz 454ms (cache miss)
2453 http fetch GET 200 https://registry.npmjs.org/http-errors/-/http-errors-1.7.3.tgz 463ms (cache miss)
2454 http fetch GET 200 https://registry.npmjs.org/end-of-stream/-/end-of-stream-1.4.5.tgz 462ms (cache miss)
2455 http fetch GET 200 https://registry.npmjs.org/@fastify/busboy/-/busboy-2.1.1.tgz 491ms (cache miss)
2456 http fetch GET 200 https://registry.npmjs.org/estraverse/-/estraverse-5.3.0.tgz 480ms (cache miss)
2457 http fetch GET 200 https://registry.npmjs.org/netmask/-/netmask-2.0.2.tgz 478ms (cache miss)
2458 http fetch GET 200 https://registry.npmjs.org/path-browserify/-/path-browserify-1.0.1.tgz 493ms (cache miss)
2459 http fetch GET 200 https://registry.npmjs.org/degenerator/-/degenerator-5.0.1.tgz 484ms (cache miss)
2460 http fetch GET 200 https://registry.npmjs.org/socks-proxy-agent/-/socks-proxy-agent-8.0.5.tgz 522ms (cache miss)
2461 http fetch GET 200 https://registry.npmjs.org/parse-ms/-/parse-ms-2.1.0.tgz 528ms (cache miss)
2462 http fetch GET 200 https://registry.npmjs.org/proxy-from-env/-/proxy-from-env-1.1.0.tgz 545ms (cache miss)
2463 http fetch GET 200 https://registry.npmjs.org/chownr/-/chownr-3.0.0.tgz 566ms (cache miss)
2464 http fetch GET 200 https://registry.npmjs.org/mimic-fn/-/mimic-fn-2.1.0.tgz 551ms (cache miss)
2465 http fetch GET 200 https://registry.npmjs.org/depd/-/depd-1.1.2.tgz 567ms (cache miss)
2466 http fetch GET 200 https://registry.npmjs.org/yallist/-/yallist-5.0.0.tgz 580ms (cache miss)
2467 http fetch GET 200 https://registry.npmjs.org/smart-buffer/-/smart-buffer-4.2.0.tgz 589ms (cache miss)
2468 http fetch GET 200 https://registry.npmjs.org/esutils/-/esutils-2.0.3.tgz 584ms (cache miss)
2469 http fetch GET 200 https://registry.npmjs.org/escodegen/-/escodegen-2.1.0.tgz 584ms (cache miss)
2470 http fetch GET 200 https://registry.npmjs.org/@isaacs/fs-minipass/-/fs-minipass-4.0.1.tgz 616ms (cache miss)
2471 http fetch GET 200 https://registry.npmjs.org/whatwg-url/-/whatwg-url-5.0.0.tgz 597ms (cache miss)
2472 http fetch GET 200 https://registry.npmjs.org/esprima/-/esprima-4.0.1.tgz 624ms (cache miss)
2473 http fetch GET 200 https://registry.npmjs.org/abbrev/-/abbrev-3.0.1.tgz 614ms (cache miss)
2474 http fetch GET 200 https://registry.npmjs.org/raw-body/-/raw-body-2.4.1.tgz 702ms (cache miss)
2475 http fetch GET 200 https://registry.npmjs.org/arg/-/arg-4.1.0.tgz 703ms (cache miss)
2476 http fetch GET 200 https://registry.npmjs.org/content-type/-/content-type-1.0.4.tgz 717ms (cache miss)
2477 http fetch GET 200 https://registry.npmjs.org/@types/json-schema/-/json-schema-7.0.15.tgz 717ms (cache miss)
2478 http fetch GET 200 https://registry.npmjs.org/get-proto/-/get-proto-1.0.1.tgz 757ms (cache miss)
2479 http fetch GET 200 https://registry.npmjs.org/http-proxy-agent/-/http-proxy-agent-7.0.2.tgz 786ms (cache miss)
2480 http fetch GET 200 https://registry.npmjs.org/function-bind/-/function-bind-1.1.2.tgz 777ms (cache miss)
2481 http fetch GET 200 https://registry.npmjs.org/@rolldown/pluginutils/-/pluginutils-1.0.0-rc.1.tgz 807ms (cache miss)
2482 http fetch GET 200 https://registry.npmjs.org/pac-proxy-agent/-/pac-proxy-agent-7.2.0.tgz 796ms (cache miss)
2483 http fetch GET 200 https://registry.npmjs.org/gopd/-/gopd-1.2.0.tgz 785ms (cache miss)
2484 http fetch GET 200 https://registry.npmjs.org/es-define-property/-/es-define-property-1.0.1.tgz 795ms (cache miss)
2485 http fetch GET 200 https://registry.npmjs.org/@nodelib/fs.scandir/-/fs.scandir-2.1.5.tgz 846ms (cache miss)
2486 http fetch GET 200 https://registry.npmjs.org/delayed-stream/-/delayed-stream-1.0.0.tgz 813ms (cache miss)
2487 http fetch GET 200 https://registry.npmjs.org/path-key/-/path-key-3.1.1.tgz 805ms (cache miss)
2488 http fetch GET 200 https://registry.npmjs.org/shebang-command/-/shebang-command-2.0.0.tgz 811ms (cache miss)
2489 http fetch GET 200 https://registry.npmjs.org/is-stream/-/is-stream-2.0.1.tgz 809ms (cache miss)
2490 http fetch GET 200 https://registry.npmjs.org/npm-run-path/-/npm-run-path-4.0.1.tgz 810ms (cache miss)
2491 http fetch GET 200 https://registry.npmjs.org/get-stream/-/get-stream-5.2.0.tgz 808ms (cache miss)
2492 http fetch GET 200 https://registry.npmjs.org/picocolors/-/picocolors-1.0.0.tgz 808ms (cache miss)
2493 http fetch GET 200 https://registry.npmjs.org/time-span/-/time-span-4.0.0.tgz 811ms (cache miss)
2494 http fetch GET 200 https://registry.npmjs.org/p-finally/-/p-finally-2.0.1.tgz 819ms (cache miss)
2495 http fetch GET 200 https://registry.npmjs.org/universalify/-/universalify-2.0.1.tgz 832ms (cache miss)
2496 http fetch GET 200 https://registry.npmjs.org/jsonfile/-/jsonfile-6.2.0.tgz 832ms (cache miss)
2497 http fetch GET 200 https://registry.npmjs.org/hasown/-/hasown-2.0.2.tgz 826ms (cache miss)
2498 http fetch GET 200 https://registry.npmjs.org/onetime/-/onetime-5.1.2.tgz 827ms (cache miss)
2499 http fetch GET 200 https://registry.npmjs.org/strip-final-newline/-/strip-final-newline-2.0.0.tgz 827ms (cache miss)
2500 http fetch GET 200 https://registry.npmjs.org/merge-stream/-/merge-stream-2.0.0.tgz 826ms (cache miss)
2501 http fetch GET 200 https://registry.npmjs.org/human-signals/-/human-signals-1.1.1.tgz 825ms (cache miss)
2502 http fetch GET 200 https://registry.npmjs.org/mime-db/-/mime-db-1.52.0.tgz 846ms (cache miss)
2503 http fetch GET 200 https://registry.npmjs.org/retry/-/retry-0.13.1.tgz 844ms (cache miss)
2504 http fetch GET 200 https://registry.npmjs.org/combined-stream/-/combined-stream-1.0.8.tgz 859ms (cache miss)
2505 http fetch GET 200 https://registry.npmjs.org/require-from-string/-/require-from-string-2.0.2.tgz 852ms (cache miss)
2506 http fetch GET 200 https://registry.npmjs.org/file-uri-to-path/-/file-uri-to-path-1.0.0.tgz 854ms (cache miss)
2507 http fetch GET 200 https://registry.npmjs.org/fast-deep-equal/-/fast-deep-equal-3.1.3.tgz 860ms (cache miss)
2508 http fetch GET 200 https://registry.npmjs.org/which/-/which-2.0.2.tgz 872ms (cache miss)
2509 http fetch GET 200 https://registry.npmjs.org/mri/-/mri-1.2.0.tgz 894ms (cache miss)
2510 http fetch GET 200 https://registry.npmjs.org/pretty-ms/-/pretty-ms-7.0.1.tgz 895ms (cache miss)
2511 http fetch GET 200 https://registry.npmjs.org/json-schema-traverse/-/json-schema-traverse-1.0.0.tgz 891ms (cache miss)
2512 http fetch GET 200 https://registry.npmjs.org/tslib/-/tslib-2.8.1.tgz 928ms (cache miss)
2513 http fetch GET 200 https://registry.npmjs.org/pump/-/pump-3.0.4.tgz 938ms (cache miss)
2514 http fetch GET 200 https://registry.npmjs.org/mime-types/-/mime-types-2.1.35.tgz 918ms (cache miss)
2515 http fetch GET 200 https://registry.npmjs.org/@vercel/gatsby-plugin-vercel-analytics/-/gatsby-plugin-vercel-analytics-1.0.11.tgz 944ms (cache miss)
2516 http fetch GET 200 https://registry.npmjs.org/argparse/-/argparse-2.0.1.tgz 968ms (cache miss)
2517 http fetch GET 200 https://registry.npmjs.org/etag/-/etag-1.8.1.tgz 941ms (cache miss)
2518 http fetch GET 200 https://registry.npmjs.org/detect-libc/-/detect-libc-2.1.2.tgz 951ms (cache miss)
2519 http fetch GET 200 https://registry.npmjs.org/@types/estree/-/estree-1.0.8.tgz 954ms (cache miss)
2520 http fetch GET 200 https://registry.npmjs.org/@edge-runtime/ponyfill/-/ponyfill-2.4.2.tgz 971ms (cache miss)
2521 http fetch GET 200 https://registry.npmjs.org/get-intrinsic/-/get-intrinsic-1.3.0.tgz 986ms (cache miss)
2522 http fetch GET 200 https://registry.npmjs.org/resolve-from/-/resolve-from-5.0.0.tgz 969ms (cache miss)
2523 http fetch GET 200 https://registry.npmjs.org/nopt/-/nopt-8.1.0.tgz 973ms (cache miss)
2524 http fetch GET 200 https://registry.npmjs.org/es-set-tostringtag/-/es-set-tostringtag-2.1.0.tgz 1002ms (cache miss)
2525 http fetch GET 200 https://registry.npmjs.org/data-uri-to-buffer/-/data-uri-to-buffer-6.0.2.tgz 1027ms (cache miss)
2526 http fetch GET 200 https://registry.npmjs.org/@edge-runtime/format/-/format-2.2.1.tgz 1002ms (cache miss)
2527 http fetch GET 200 https://registry.npmjs.org/acorn-import-attributes/-/acorn-import-attributes-1.9.5.tgz 989ms (cache miss)
2528 http fetch GET 200 https://registry.npmjs.org/estree-walker/-/estree-walker-2.0.2.tgz 989ms (cache miss)
2529 http fetch GET 200 https://registry.npmjs.org/@vercel/error-utils/-/error-utils-2.0.3.tgz 1006ms (cache miss)
2530 http fetch GET 200 https://registry.npmjs.org/bindings/-/bindings-1.5.0.tgz 1000ms (cache miss)
2531 http fetch GET 200 https://registry.npmjs.org/readdirp/-/readdirp-4.1.2.tgz 1016ms (cache miss)
2532 http fetch GET 200 https://registry.npmjs.org/async-sema/-/async-sema-3.1.1.tgz 1014ms (cache miss)
2533 http fetch GET 200 https://registry.npmjs.org/ts-toolbelt/-/ts-toolbelt-6.15.5.tgz 1059ms (cache miss)
2534 http fetch GET 200 https://registry.npmjs.org/tinyexec/-/tinyexec-0.3.2.tgz 1021ms (cache miss)
2535 http fetch GET 200 https://registry.npmjs.org/tree-kill/-/tree-kill-1.2.2.tgz 1023ms (cache miss)
2536 http fetch GET 200 https://registry.npmjs.org/node-gyp-build/-/node-gyp-build-4.8.4.tgz 1031ms (cache miss)
2537 http fetch GET 200 https://registry.npmjs.org/xdg-app-paths/-/xdg-app-paths-5.1.0.tgz 1034ms (cache miss)
2538 http fetch GET 200 https://registry.npmjs.org/yauzl-promise/-/yauzl-promise-2.1.3.tgz 1035ms (cache miss)
2539 http fetch GET 200 https://registry.npmjs.org/uid-promise/-/uid-promise-1.0.0.tgz 1034ms (cache miss)
2540 http fetch GET 200 https://registry.npmjs.org/stream-to-promise/-/stream-to-promise-2.2.0.tgz 1041ms (cache miss)
2541 http fetch GET 200 https://registry.npmjs.org/cross-spawn/-/cross-spawn-7.0.6.tgz 1064ms (cache miss)
2542 http fetch GET 200 https://registry.npmjs.org/@vercel/gatsby-plugin-vercel-builder/-/gatsby-plugin-vercel-builder-2.1.2.tgz 1064ms (cache miss)
2543 http fetch GET 200 https://registry.npmjs.org/stat-mode/-/stat-mode-0.3.0.tgz 1054ms (cache miss)
2544 http fetch GET 200 https://registry.npmjs.org/graceful-fs/-/graceful-fs-4.2.11.tgz 1062ms (cache miss)
2545 http fetch GET 200 https://registry.npmjs.org/ms/-/ms-2.1.1.tgz 1076ms (cache miss)
2546 http fetch GET 200 https://registry.npmjs.org/promisepipe/-/promisepipe-3.0.0.tgz 1084ms (cache miss)
2547 http fetch GET 200 https://registry.npmjs.org/micro/-/micro-9.3.5-canary.3.tgz 1093ms (cache miss)
2548 http fetch GET 200 https://registry.npmjs.org/minizlib/-/minizlib-3.1.0.tgz 1158ms (cache miss)
2549 http fetch GET 200 https://registry.npmjs.org/async-listen/-/async-listen-1.2.0.tgz 1097ms (cache miss)
2550 http fetch GET 200 https://registry.npmjs.org/agent-base/-/agent-base-7.1.4.tgz 1140ms (cache miss)
2551 http fetch GET 200 https://registry.npmjs.org/throttleit/-/throttleit-2.1.0.tgz 1107ms (cache miss)
2552 http fetch GET 200 https://registry.npmjs.org/cjs-module-lexer/-/cjs-module-lexer-1.2.3.tgz 1125ms (cache miss)
2553 http fetch GET 200 https://registry.npmjs.org/dunder-proto/-/dunder-proto-1.0.1.tgz 1154ms (cache miss)
2554 http fetch GET 200 https://registry.npmjs.org/debug/-/debug-4.3.4.tgz 1115ms (cache miss)
2555 http fetch GET 200 https://registry.npmjs.org/@tootallnate/once/-/once-2.0.0.tgz 1118ms (cache miss)
2556 http fetch GET 200 https://registry.npmjs.org/path-to-regexp/-/path-to-regexp-6.3.0.tgz 1138ms (cache miss)
2557 http fetch GET 200 https://registry.npmjs.org/es-module-lexer/-/es-module-lexer-1.4.1.tgz 1139ms (cache miss)
2558 http fetch GET 200 https://registry.npmjs.org/@vercel/cervel/-/cervel-0.0.36.tgz 1129ms (cache miss)
2559 http fetch GET 200 https://registry.npmjs.org/is-buffer/-/is-buffer-2.0.5.tgz 1127ms (cache miss)
2560 http fetch GET 200 https://registry.npmjs.org/async-retry/-/async-retry-1.3.3.tgz 1128ms (cache miss)
2561 http fetch GET 200 https://registry.npmjs.org/is-node-process/-/is-node-process-1.2.0.tgz 1129ms (cache miss)
2562 http fetch GET 200 https://registry.npmjs.org/es-object-atoms/-/es-object-atoms-1.1.1.tgz 1182ms (cache miss)
2563 http fetch GET 200 https://registry.npmjs.org/resolve.exports/-/resolve.exports-2.0.3.tgz 1155ms (cache miss)
2564 http fetch GET 200 https://registry.npmjs.org/@isaacs/balanced-match/-/balanced-match-4.0.1.tgz 1218ms (cache miss)
2565 http fetch GET 200 https://registry.npmjs.org/has-symbols/-/has-symbols-1.1.0.tgz 1215ms (cache miss)
2566 http fetch GET 200 https://registry.npmjs.org/proxy-agent/-/proxy-agent-6.4.0.tgz 1175ms (cache miss)
2567 http fetch GET 200 https://registry.npmjs.org/@isaacs/brace-expansion/-/brace-expansion-5.0.1.tgz 1234ms (cache miss)
2568 http fetch GET 200 https://registry.npmjs.org/@vercel/rust/-/rust-1.0.5.tgz 1191ms (cache miss)
2569 http fetch GET 200 https://registry.npmjs.org/has-tostringtag/-/has-tostringtag-1.0.2.tgz 1257ms (cache miss)
2570 http fetch GET 200 https://registry.npmjs.org/node-fetch/-/node-fetch-2.6.7.tgz 1239ms (cache miss)
2571 http fetch GET 200 https://registry.npmjs.org/@vercel/koa/-/koa-0.1.34.tgz 1241ms (cache miss)
2572 http fetch GET 200 https://registry.npmjs.org/@emnapi/wasi-threads/-/wasi-threads-1.2.0.tgz 1299ms (cache miss)
2573 http fetch GET 200 https://registry.npmjs.org/@vercel/prepare-flags-definitions/-/prepare-flags-definitions-0.2.1.tgz 1243ms (cache miss)
2574 http fetch GET 200 https://registry.npmjs.org/picomatch/-/picomatch-4.0.4.tgz 1264ms (cache miss)
2575 http fetch GET 200 https://registry.npmjs.org/path-to-regexp/-/path-to-regexp-8.3.0.tgz 1266ms (cache miss)
2576 http fetch GET 200 https://registry.npmjs.org/@vercel/nestjs/-/nestjs-0.2.55.tgz 1262ms (cache miss)
2577 http fetch GET 200 https://registry.npmjs.org/oxc-transform/-/oxc-transform-0.111.0.tgz 1282ms (cache miss)
2578 http fetch GET 200 https://registry.npmjs.org/@vercel/hono/-/hono-0.2.54.tgz 1292ms (cache miss)
2579 http fetch GET 200 https://registry.npmjs.org/@rollup/pluginutils/-/pluginutils-5.3.0.tgz 1316ms (cache miss)
2580 http fetch GET 200 https://registry.npmjs.org/@vercel/h3/-/h3-0.1.60.tgz 1310ms (cache miss)
2581 http fetch GET 200 https://registry.npmjs.org/call-bind-apply-helpers/-/call-bind-apply-helpers-1.0.2.tgz 1371ms (cache miss)
2582 http fetch GET 200 https://registry.npmjs.org/@vercel/static-config/-/static-config-3.2.0.tgz 1349ms (cache miss)
2583 http fetch GET 200 https://registry.npmjs.org/es-errors/-/es-errors-1.3.0.tgz 1407ms (cache miss)
2584 http fetch GET 200 https://registry.npmjs.org/@vercel/express/-/express-0.1.61.tgz 1364ms (cache miss)
2585 http fetch GET 200 https://registry.npmjs.org/https-proxy-agent/-/https-proxy-agent-7.0.6.tgz 1393ms (cache miss)
2586 http fetch GET 200 https://registry.npmjs.org/async-listen/-/async-listen-3.0.1.tgz 1367ms (cache miss)
2587 http fetch GET 200 https://registry.npmjs.org/@vercel/fastify/-/fastify-0.1.54.tgz 1376ms (cache miss)
2588 http fetch GET 200 https://registry.npmjs.org/@renovatebot/pep440/-/pep440-4.2.1.tgz 1409ms (cache miss)
2589 http fetch GET 200 https://registry.npmjs.org/@emnapi/runtime/-/runtime-1.9.1.tgz 1440ms (cache miss)
2590 http fetch GET 200 https://registry.npmjs.org/form-data/-/form-data-4.0.5.tgz 1383ms (cache miss)
2591 http fetch GET 200 https://registry.npmjs.org/once/-/once-1.3.3.tgz 1373ms (cache miss)
2592 http fetch GET 200 https://registry.npmjs.org/@vercel/redwood/-/redwood-2.4.11.tgz 1383ms (cache miss)
2593 http fetch GET 200 https://registry.npmjs.org/@vercel/hydrogen/-/hydrogen-1.3.6.tgz 1383ms (cache miss)
2594 http fetch GET 200 https://registry.npmjs.org/end-of-stream/-/end-of-stream-1.1.0.tgz 1379ms (cache miss)
2595 http fetch GET 200 https://registry.npmjs.org/minimatch/-/minimatch-3.1.5.tgz 1379ms (cache miss)
2596 http fetch GET 200 https://registry.npmjs.org/ms/-/ms-2.1.2.tgz 1378ms (cache miss)
2597 http fetch GET 200 https://registry.npmjs.org/@vercel/elysia/-/elysia-0.1.51.tgz 1385ms (cache miss)
2598 http fetch GET 200 https://registry.npmjs.org/balanced-match/-/balanced-match-4.0.4.tgz 1383ms (cache miss)
2599 http fetch GET 200 https://registry.npmjs.org/lru-cache/-/lru-cache-6.0.0.tgz 1385ms (cache miss)
2600 http fetch GET 200 https://registry.npmjs.org/brace-expansion/-/brace-expansion-5.0.4.tgz 1394ms (cache miss)
2601 http fetch GET 200 https://registry.npmjs.org/signal-exit/-/signal-exit-3.0.7.tgz 1399ms (cache miss)
2602 http fetch GET 200 https://registry.npmjs.org/yallist/-/yallist-4.0.0.tgz 1403ms (cache miss)
2603 http fetch GET 200 https://registry.npmjs.org/esbuild/-/esbuild-0.27.0.tgz 1417ms (cache miss)
2604 http fetch GET 200 https://registry.npmjs.org/asynckit/-/asynckit-0.4.0.tgz 1456ms (cache miss)
2605 http fetch GET 200 https://registry.npmjs.org/signal-exit/-/signal-exit-3.0.7.tgz 1406ms (cache miss)
2606 http fetch GET 200 https://registry.npmjs.org/human-signals/-/human-signals-2.1.0.tgz 1405ms (cache miss)
2607 http fetch GET 200 https://registry.npmjs.org/get-stream/-/get-stream-6.0.1.tgz 1416ms (cache miss)
2608 http fetch GET 200 https://registry.npmjs.org/minipass/-/minipass-7.1.3.tgz 1484ms (cache miss)
2609 http fetch GET 200 https://registry.npmjs.org/execa/-/execa-5.1.1.tgz 1420ms (cache miss)
2610 http fetch GET 200 https://registry.npmjs.org/async-listen/-/async-listen-3.0.0.tgz 1420ms (cache miss)
2611 http fetch GET 200 https://registry.npmjs.org/@vercel/ruby/-/ruby-2.3.2.tgz 1439ms (cache miss)
2612 http fetch GET 200 https://registry.npmjs.org/source-map/-/source-map-0.6.1.tgz 1509ms (cache miss)
2613 http fetch GET 200 https://registry.npmjs.org/execa/-/execa-3.2.0.tgz 1456ms (cache miss)
2614 http fetch GET 200 https://registry.npmjs.org/@tootallnate%2fonce 1346ms (cache miss)
2615 silly packumentCache corgi:https://registry.npmjs.org/@tootallnate%2fonce set size:undefined disposed:false
2616 http fetch GET 200 https://registry.npmjs.org/@vercel/detect-agent/-/detect-agent-1.2.1.tgz 1450ms (cache miss)
2617 http fetch GET 200 https://registry.npmjs.org/path-to-regexp 1356ms (cache miss)
2618 silly packumentCache corgi:https://registry.npmjs.org/path-to-regexp set size:undefined disposed:false
2619 http fetch GET 200 https://registry.npmjs.org/@edge-runtime/vm/-/vm-3.2.0.tgz 1487ms (cache miss)
2620 http fetch GET 200 https://registry.npmjs.org/@iarna/toml/-/toml-2.2.5.tgz 1498ms (cache miss)
2621 http fetch GET 200 https://registry.npmjs.org/lru-cache/-/lru-cache-7.18.3.tgz 1467ms (cache miss)
2622 http fetch GET 200 https://registry.npmjs.org/iconv-lite/-/iconv-lite-0.4.24.tgz 1553ms (cache miss)
2623 http fetch GET 200 https://registry.npmjs.org/acorn/-/acorn-8.16.0.tgz 1501ms (cache miss)
2624 http fetch GET 200 https://registry.npmjs.org/semver/-/semver-6.3.1.tgz 1474ms (cache miss)
2625 http fetch GET 200 https://registry.npmjs.org/path-to-regexp/-/path-to-regexp-8.2.0.tgz 1485ms (cache miss)
2626 http fetch GET 200 https://registry.npmjs.org/minimatch 1397ms (cache miss)
2627 silly packumentCache corgi:https://registry.npmjs.org/minimatch set size:undefined disposed:false
2628 http fetch GET 200 https://registry.npmjs.org/path-scurry/-/path-scurry-2.0.2.tgz 1572ms (cache miss)
2629 http fetch GET 200 https://registry.npmjs.org/tar 1418ms (cache miss)
2630 silly packumentCache corgi:https://registry.npmjs.org/tar set size:undefined disposed:false
2631 http fetch GET 200 https://registry.npmjs.org/picomatch/-/picomatch-2.3.2.tgz 1528ms (cache miss)
2632 http fetch GET 200 https://registry.npmjs.org/basic-ftp/-/basic-ftp-5.2.0.tgz 1626ms (cache miss)
2633 http fetch GET 200 https://registry.npmjs.org/@vercel/python/-/python-6.26.0.tgz 1561ms (cache miss)
2634 http fetch GET 200 https://registry.npmjs.org/@vercel/remix-builder/-/remix-builder-5.7.1.tgz 1563ms (cache miss)
2635 http fetch GET 200 https://registry.npmjs.org/get-uri/-/get-uri-6.0.5.tgz 1632ms (cache miss)
2636 http fetch GET 200 https://registry.npmjs.org/node-fetch/-/node-fetch-2.6.9.tgz 1556ms (cache miss)
2637 http fetch GET 200 https://registry.npmjs.org/undici 1471ms (cache miss)
2638 silly packumentCache corgi:https://registry.npmjs.org/undici set size:undefined disposed:false
2639 http fetch GET 200 https://registry.npmjs.org/ajv 1495ms (cache miss)
2640 silly packumentCache corgi:https://registry.npmjs.org/ajv set size:undefined disposed:false
2641 http fetch GET 200 https://registry.npmjs.org/smol-toml/-/smol-toml-1.5.2.tgz 1648ms (cache miss)
2642 http fetch GET 200 https://registry.npmjs.org/socks/-/socks-2.8.7.tgz 1696ms (cache miss)
2643 http fetch GET 200 https://registry.npmjs.org/lru-cache/-/lru-cache-11.2.7.tgz 1702ms (cache miss)
2644 silly packumentCache corgi:https://registry.npmjs.org/@vercel%2fnode cache-miss
2645 silly packumentCache corgi:https://registry.npmjs.org/@vercel%2fremix-builder cache-miss
2646 http fetch GET 200 https://registry.npmjs.org/math-intrinsics/-/math-intrinsics-1.1.0.tgz 1721ms (cache miss)
2647 http fetch GET 200 https://registry.npmjs.org/undici-types/-/undici-types-5.26.5.tgz 1700ms (cache miss)
2648 http fetch GET 200 https://registry.npmjs.org/@vercel/go/-/go-3.4.6.tgz 1677ms (cache miss)
2649 http fetch GET 200 https://registry.npmjs.org/@vercel/static-build/-/static-build-2.9.2.tgz 1689ms (cache miss)
2650 http fetch GET 200 https://registry.npmjs.org/chokidar/-/chokidar-4.0.0.tgz 1704ms (cache miss)
2651 http fetch GET 200 https://registry.npmjs.org/ts-morph/-/ts-morph-12.0.0.tgz 1716ms (cache miss)
2652 http fetch GET 200 https://registry.npmjs.org/@emnapi/core/-/core-1.9.1.tgz 1777ms (cache miss)
2653 http fetch GET 200 https://registry.npmjs.org/path-to-regexp/-/path-to-regexp-6.1.0.tgz 1729ms (cache miss)
2654 http fetch GET 200 https://registry.npmjs.org/path-to-regexp/-/path-to-regexp-6.1.0.tgz 1731ms (cache miss)
2655 http fetch GET 200 https://registry.npmjs.org/@edge-runtime/node-utils/-/node-utils-2.3.0.tgz 1810ms (cache miss)
2656 http fetch GET 200 https://registry.npmjs.org/@vercel/next/-/next-4.16.2.tgz 1794ms (cache miss)
2657 http fetch GET 200 https://registry.npmjs.org/generic-pool/-/generic-pool-3.4.2.tgz 1812ms (cache miss)
2658 http fetch GET 200 https://registry.npmjs.org/signal-exit/-/signal-exit-4.0.2.tgz 1836ms (cache miss)
2659 http fetch GET 200 https://registry.npmjs.org/@vercel%2fremix-builder 147ms (cache miss)
2660 silly packumentCache corgi:https://registry.npmjs.org/@vercel%2fremix-builder set size:undefined disposed:false
2661 http fetch GET 200 https://registry.npmjs.org/ip-address/-/ip-address-10.1.0.tgz 1899ms (cache miss)
2662 http fetch GET 200 https://registry.npmjs.org/@vercel/blob/-/blob-2.3.0.tgz 1867ms (cache miss)
2663 http fetch GET 200 https://registry.npmjs.org/@oxc-transform/binding-win32-x64-msvc/-/binding-win32-x64-msvc-0.111.0.tgz 1935ms (cache miss)
2664 http fetch GET 200 https://registry.npmjs.org/js-yaml/-/js-yaml-4.1.1.tgz 1924ms (cache miss)
2665 http fetch GET 200 https://registry.npmjs.org/@vercel%2fnode 236ms (cache miss)
2666 silly packumentCache corgi:https://registry.npmjs.org/@vercel%2fnode set size:undefined disposed:false
2667 http fetch GET 200 https://registry.npmjs.org/consola/-/consola-3.4.2.tgz 1932ms (cache miss)
2668 http fetch GET 200 https://registry.npmjs.org/fs-extra/-/fs-extra-11.1.0.tgz 1917ms (cache miss)
2669 http fetch GET 200 https://registry.npmjs.org/@edge-runtime/primitives/-/primitives-4.1.0.tgz 1937ms (cache miss)
2670 http fetch GET 200 https://registry.npmjs.org/@vercel/node/-/node-5.6.18.tgz 1911ms (cache miss)
2671 http fetch GET 200 https://registry.npmjs.org/srvx/-/srvx-0.8.9.tgz 1922ms (cache miss)
2672 http fetch GET 200 https://registry.npmjs.org/edge-runtime/-/edge-runtime-2.5.9.tgz 1989ms (cache miss)
2673 http fetch GET 200 https://registry.npmjs.org/ast-types/-/ast-types-0.13.4.tgz 2035ms (cache miss)
2674 http fetch GET 200 https://registry.npmjs.org/@mapbox/node-pre-gyp/-/node-pre-gyp-2.0.3.tgz 1988ms (cache miss)
2675 http fetch GET 200 https://registry.npmjs.org/fs-extra/-/fs-extra-11.1.1.tgz 1962ms (cache miss)
2676 silly packumentCache corgi:https://registry.npmjs.org/@vercel%2ffun cache-miss
2677 http fetch GET 200 https://registry.npmjs.org/@vercel/backends/-/backends-0.0.49.tgz 1971ms (cache miss)
2678 http fetch GET 200 https://registry.npmjs.org/fast-glob/-/fast-glob-3.3.3.tgz 2064ms (cache miss)
2679 http fetch GET 200 https://registry.npmjs.org/@napi-rs/wasm-runtime/-/wasm-runtime-1.1.1.tgz 2051ms (cache miss)
2680 http fetch GET 200 https://registry.npmjs.org/web-vitals/-/web-vitals-0.2.4.tgz 2037ms (cache miss)
2681 http fetch GET 200 https://registry.npmjs.org/semver/-/semver-7.5.4.tgz 2027ms (cache miss)
2682 http fetch GET 200 https://registry.npmjs.org/pac-resolver/-/pac-resolver-7.0.1.tgz 2079ms (cache miss)
2683 http fetch GET 200 https://registry.npmjs.org/@tybys/wasm-util/-/wasm-util-0.10.1.tgz 2099ms (cache miss)
2684 http fetch GET 200 https://registry.npmjs.org/@vercel/nft/-/nft-1.4.0.tgz 2062ms (cache miss)
2685 http fetch GET 200 https://registry.npmjs.org/@sinclair/typebox/-/typebox-0.25.24.tgz 2094ms (cache miss)
2686 http fetch GET 200 https://registry.npmjs.org/rolldown/-/rolldown-1.0.0-rc.1.tgz 2074ms (cache miss)
2687 http fetch GET 200 https://registry.npmjs.org/@vercel%2ffun 109ms (cache miss)
2688 silly packumentCache corgi:https://registry.npmjs.org/@vercel%2ffun set size:undefined disposed:false
2689 http fetch GET 200 https://registry.npmjs.org/tsx/-/tsx-4.21.0.tgz 2103ms (cache miss)
2690 http fetch GET 200 https://registry.npmjs.org/zod/-/zod-3.22.4.tgz 2106ms (cache miss)
2691 silly packumentCache corgi:https://registry.npmjs.org/@mapbox%2fnode-pre-gyp cache-miss
2692 http fetch GET 200 https://registry.npmjs.org/uri-js/-/uri-js-4.4.1.tgz 2149ms (cache miss)
2693 http fetch GET 200 https://registry.npmjs.org/minimatch/-/minimatch-10.1.1.tgz 2161ms (cache miss)
2694 http fetch GET 200 https://registry.npmjs.org/minimatch/-/minimatch-10.2.4.tgz 2184ms (cache miss)
2695 http fetch GET 200 https://registry.npmjs.org/@mapbox%2fnode-pre-gyp 97ms (cache miss)
2696 silly packumentCache corgi:https://registry.npmjs.org/@mapbox%2fnode-pre-gyp set size:undefined disposed:false
2697 http fetch GET 200 https://registry.npmjs.org/@tootallnate/quickjs-emscripten/-/quickjs-emscripten-0.23.0.tgz 2275ms (cache miss)
2698 silly packumentCache corgi:https://registry.npmjs.org/@vercel%2fpython-analysis cache-miss
2699 http fetch GET 200 https://registry.npmjs.org/@bytecodealliance/preview2-shim/-/preview2-shim-0.17.6.tgz 2266ms (cache miss)
2700 http fetch GET 200 https://registry.npmjs.org/json-schema-to-ts/-/json-schema-to-ts-1.6.4.tgz 2289ms (cache miss)
2701 http fetch GET 200 https://registry.npmjs.org/glob/-/glob-13.0.6.tgz 2324ms (cache miss)
2702 http fetch GET 200 https://registry.npmjs.org/@ts-morph/common/-/common-0.11.1.tgz 2392ms (cache miss)
2703 http fetch GET 200 https://registry.npmjs.org/luxon/-/luxon-3.7.2.tgz 2317ms (cache miss)
2704 http fetch GET 200 https://registry.npmjs.org/@vercel%2fpython-analysis 101ms (cache miss)
2705 silly packumentCache corgi:https://registry.npmjs.org/@vercel%2fpython-analysis set size:undefined disposed:false
2706 silly packumentCache corgi:https://registry.npmjs.org/@vercel%2fstatic-config cache-miss
2707 http fetch GET 200 https://registry.npmjs.org/@vercel/python-analysis/-/python-analysis-0.10.1.tgz 2356ms (cache miss)
2708 http fetch GET 200 https://registry.npmjs.org/@vercel/build-utils/-/build-utils-13.8.2.tgz 2358ms (cache miss)
2709 http fetch GET 200 https://registry.npmjs.org/@esbuild/win32-x64/-/win32-x64-0.27.0.tgz 2424ms (cache miss)
2710 http fetch GET 200 https://registry.npmjs.org/@vercel%2fstatic-config 87ms (cache miss)
2711 silly packumentCache corgi:https://registry.npmjs.org/@vercel%2fstatic-config set size:undefined disposed:false
2712 silly packumentCache corgi:https://registry.npmjs.org/vercel cache-miss
2713 http cache https://registry.npmjs.org/vercel 31ms (cache hit)
2714 silly packumentCache corgi:https://registry.npmjs.org/vercel set size:4036968 disposed:false
2715 silly packumentCache corgi:https://registry.npmjs.org/@vercel%2felysia cache-miss
2716 silly packumentCache corgi:https://registry.npmjs.org/@vercel%2fexpress cache-miss
2717 silly packumentCache corgi:https://registry.npmjs.org/@vercel%2ffastify cache-miss
2718 silly packumentCache corgi:https://registry.npmjs.org/@vercel%2fh3 cache-miss
2719 silly packumentCache corgi:https://registry.npmjs.org/@vercel%2fhono cache-miss
2720 silly packumentCache corgi:https://registry.npmjs.org/@vercel%2fkoa cache-miss
2721 silly packumentCache corgi:https://registry.npmjs.org/@vercel%2fnestjs cache-miss
2722 http fetch GET 200 https://registry.npmjs.org/@types/node/-/node-20.11.0.tgz 2727ms (cache miss)
2723 http fetch GET 200 https://registry.npmjs.org/@vercel%2fexpress 242ms (cache miss)
2724 silly packumentCache corgi:https://registry.npmjs.org/@vercel%2fexpress set size:undefined disposed:false
2725 http fetch GET 200 https://registry.npmjs.org/@vercel%2fh3 254ms (cache miss)
2726 silly packumentCache corgi:https://registry.npmjs.org/@vercel%2fh3 set size:undefined disposed:false
2727 http fetch GET 200 https://registry.npmjs.org/@vercel%2fnestjs 486ms (cache miss)
2728 silly packumentCache corgi:https://registry.npmjs.org/@vercel%2fnestjs set size:undefined disposed:false
2729 http fetch GET 200 https://registry.npmjs.org/@vercel%2fkoa 492ms (cache miss)
2730 silly packumentCache corgi:https://registry.npmjs.org/@vercel%2fkoa set size:undefined disposed:false
2731 http fetch GET 200 https://registry.npmjs.org/@vercel%2fhono 499ms (cache miss)
2732 silly packumentCache corgi:https://registry.npmjs.org/@vercel%2fhono set size:undefined disposed:false
2733 http fetch GET 200 https://registry.npmjs.org/@vercel%2felysia 577ms (cache miss)
2734 silly packumentCache corgi:https://registry.npmjs.org/@vercel%2felysia set size:undefined disposed:false
2735 http fetch GET 200 https://registry.npmjs.org/@vercel%2ffastify 638ms (cache miss)
2736 silly packumentCache corgi:https://registry.npmjs.org/@vercel%2ffastify set size:undefined disposed:false
2737 silly packumentCache corgi:https://registry.npmjs.org/@vercel%2fbuild-utils cache-miss
2738 silly packumentCache corgi:https://registry.npmjs.org/@vercel%2fpython cache-miss
2739 http fetch GET 200 https://registry.npmjs.org/vercel/-/vercel-50.35.0.tgz 3242ms (cache miss)
2740 http fetch GET 200 https://registry.npmjs.org/@rolldown/binding-win32-x64-msvc/-/binding-win32-x64-msvc-1.0.0-rc.1.tgz 3359ms (cache miss)
2741 http fetch GET 200 https://registry.npmjs.org/undici/-/undici-5.28.4.tgz 3275ms (cache miss)
2742 http fetch GET 200 https://registry.npmjs.org/@vercel/fun/-/fun-1.3.0.tgz 3369ms (cache miss)
2743 http fetch GET 200 https://registry.npmjs.org/@vercel%2fbuild-utils 187ms (cache miss)
2744 silly packumentCache corgi:https://registry.npmjs.org/@vercel%2fbuild-utils set size:undefined disposed:false
2745 http fetch GET 200 https://registry.npmjs.org/@vercel%2fpython 199ms (cache miss)
2746 silly packumentCache corgi:https://registry.npmjs.org/@vercel%2fpython set size:undefined disposed:false
2747 silly packumentCache corgi:https://registry.npmjs.org/@vercel%2fhydrogen cache-miss
2748 silly packumentCache corgi:https://registry.npmjs.org/@vercel%2fredwood cache-miss
2749 silly packumentCache corgi:https://registry.npmjs.org/@vercel%2fstatic-build cache-miss
2750 http fetch GET 200 https://registry.npmjs.org/undici/-/undici-6.24.1.tgz 3533ms (cache miss)
2751 http fetch GET 200 https://registry.npmjs.org/@vercel%2fredwood 119ms (cache miss)
2752 silly packumentCache corgi:https://registry.npmjs.org/@vercel%2fredwood set size:undefined disposed:false
2753 http fetch GET 200 https://registry.npmjs.org/@vercel%2fstatic-build 141ms (cache miss)
2754 silly packumentCache corgi:https://registry.npmjs.org/@vercel%2fstatic-build set size:undefined disposed:false
2755 http fetch GET 200 https://registry.npmjs.org/@vercel%2fhydrogen 283ms (cache miss)
2756 silly packumentCache corgi:https://registry.npmjs.org/@vercel%2fhydrogen set size:undefined disposed:false
2757 http fetch GET 200 https://registry.npmjs.org/tar/-/tar-7.5.7.tgz 3866ms (cache miss)
2758 warn deprecated tar@7.5.7: Old versions of tar are not supported, and contain widely publicized security vulnerabilities, which have been fixed in the current version. Please update. Support for old versions may be purchased (at exorbitant rates) by contacting i@izs.me
2759 silly packumentCache corgi:https://registry.npmjs.org/@vercel%2fbackends cache-miss
2760 silly packumentCache corgi:https://registry.npmjs.org/@vercel%2fgatsby-plugin-vercel-builder cache-miss
2761 http fetch GET 200 https://registry.npmjs.org/@vercel%2fgatsby-plugin-vercel-builder 242ms (cache miss)
2762 silly packumentCache corgi:https://registry.npmjs.org/@vercel%2fgatsby-plugin-vercel-builder set size:undefined disposed:false
2763 http fetch GET 200 https://registry.npmjs.org/typescript/-/typescript-5.9.3.tgz 4202ms (cache miss)
2764 http fetch GET 200 https://registry.npmjs.org/@vercel%2fbackends 437ms (cache miss)
2765 silly packumentCache corgi:https://registry.npmjs.org/@vercel%2fbackends set size:undefined disposed:false
2766 silly packumentCache corgi:https://registry.npmjs.org/@vercel%2fcervel cache-miss
2767 http fetch GET 200 https://registry.npmjs.org/@vercel%2fcervel 87ms (cache miss)
2768 silly packumentCache corgi:https://registry.npmjs.org/@vercel%2fcervel set size:undefined disposed:false
2769 http fetch GET 200 https://registry.npmjs.org/jose/-/jose-5.9.6.tgz 4715ms (cache miss)
2770 http fetch GET 200 https://registry.npmjs.org/ajv/-/ajv-8.6.3.tgz 4998ms (cache miss)
2771 info run esbuild@0.27.0 postinstall node_modules/esbuild node install.js
2772 info run esbuild@0.27.0 postinstall { code: 0, signal: null }
2773 verbose cwd C:\Users\1xpay\OneDrive\Desktop\wovo-media
2774 verbose os Windows_NT 10.0.26200
2775 verbose node v24.11.1
2776 verbose npm  v11.6.2
2777 notice
2777 notice New minor version of npm available! 11.6.2 -> 11.12.0
2777 notice Changelog: https://github.com/npm/cli/releases/tag/v11.12.0
2777 notice To update run: npm install -g npm@11.12.0
2777 notice  { force: true, Symbol(proc-log.meta): true }
2778 verbose exit 0
2779 info ok
